# Blender 4.5.10 LTS
# www.blender.org
mtllib Terrain0.mtl
o Terrain3.1
v 0.000000 0.000000 -1.000000
v 0.866025 0.000000 -0.500000
v 0.866025 0.000000 0.500000
v 0.000000 0.000000 1.000000
v -0.866025 0.000000 0.500000
v -0.866025 0.000000 -0.500000
v 0.000000 0.700000 -1.000000
v 0.866025 0.200000 -0.500000
v 0.570408 0.026839 0.340782
v 0.000000 0.200000 1.000000
v -0.866025 0.200000 0.500000
v -0.866025 0.200000 -0.500000
v 0.000000 0.292164 0.000000
v 0.866025 0.000000 0.000000
v 0.866025 0.026839 0.000000
v -0.866025 0.000000 0.000000
v -0.661172 0.026839 0.000000
v -0.433013 0.450000 -0.750000
v 0.433013 0.026839 0.750000
v 0.433013 0.000000 0.750000
v -0.433013 0.450000 0.750000
v 0.433013 0.450000 -0.750000
v -0.433013 0.000000 0.750000
v 0.433013 0.000000 -0.750000
v 0.170451 0.239060 0.375000
v 0.348173 0.200000 -0.020593
v -0.216506 0.292164 0.375000
v -0.433013 0.292164 0.250000
v -0.216506 0.321121 -0.375000
v 0.216506 0.321121 -0.375000
v -0.372905 0.229899 0.000000
v 0.000000 0.292164 0.500000
v 0.000000 0.321121 -0.500000
v 0.332554 0.200000 0.205354
v -0.433013 0.321121 -0.250000
v 0.433013 0.321121 -0.250000
v -0.433013 0.000000 -0.750000
vn -0.0000 -0.0000 -1.0000
vn 0.8660 -0.0000 -0.5000
vn 0.1369 0.9875 0.0788
vn -0.0000 -0.0000 1.0000
vn -0.8216 0.4838 0.3016
vn -0.8216 0.4838 -0.3016
vn -0.0000 1.0000 -0.0011
vn 0.5900 0.8041 -0.0732
vn 0.2268 0.9669 0.1173
vn 0.1942 0.8190 0.5400
vn -0.6490 0.7552 0.0916
vn -0.6859 0.7206 -0.1011
vn 0.0281 0.9967 0.0758
vn 0.3239 0.9447 0.0507
vn 0.4254 0.8988 0.1055
vn -0.7422 0.6702 -0.0000
vn -0.7128 0.7014 0.0003
vn -0.3365 0.9406 0.0442
vn 0.3239 0.8911 0.3178
vn 0.2074 0.9436 0.2580
vn -0.0296 0.9982 0.0512
vn 0.3365 0.9406 0.0442
vn -0.5000 -0.0000 0.8660
vn 0.5000 -0.0000 -0.8660
vn 0.3388 0.9375 0.0798
vn 0.3236 0.9206 0.2186
vn 0.0176 0.9994 -0.0305
vn -0.1073 0.9825 -0.1525
vn -0.0078 0.9921 0.1252
vn 0.0078 0.9921 0.1252
vn -0.4190 0.9080 0.0065
vn 0.1781 0.9839 0.0174
vn -0.0000 0.9845 0.1755
vn 0.3554 0.9274 0.1166
vn -0.0938 0.9803 0.1737
vn 0.0951 0.9791 0.1797
vn -0.5000 -0.0000 -0.8660
vt 0.992746 0.009202
vt 0.992746 0.903980
vt 0.869560 0.584417
vt 0.869560 0.009202
vt 0.500000 0.009202
vt 0.500000 0.043509
vt 0.332081 0.043509
vt 0.253627 0.009202
vt 0.130441 0.043509
vt 0.130441 0.009202
vt 0.007254 0.009202
vt 0.007254 0.264853
vt 0.130441 0.584417
vt 0.684780 0.419677
vt 0.746373 0.419677
vt 0.253627 0.264853
vt 0.746373 0.009202
vt 0.746373 0.264853
vt 0.623186 0.419677
vt 0.510147 0.264853
vt 0.398812 0.264853
vt 0.315220 0.314781
vt 0.500000 0.382663
vt 0.315220 0.382663
vt 0.253627 0.382663
vt 0.376813 0.382663
vt 0.500000 0.303071
s 1
f 1/1/1 7/2/7 22/3/22 24/4/24
f 14/5/14 15/6/15 9/7/9 3/8/3
f 3/8/3 9/7/9 19/9/19 20/10/20
f 4/11/4 10/12/10 21/13/21 23/10/23
f 7/2/7 18/3/18 29/14/29 33/15/33
f 5/8/5 11/16/11 17/6/17 16/5/16
f 6/17/6 12/18/12 18/3/18 37/4/37
f 8/18/8 36/19/36 26/20/26 15/6/15
f 9/7/9 34/21/34 25/22/25 19/9/19
f 13/23/13 27/24/27 32/25/32
f 13/23/13 36/19/36 30/14/30
f 11/16/11 28/26/28 31/27/31 17/6/17
f 2/17/2 8/18/8 15/6/15 14/5/14
f 15/6/15 26/20/26 34/21/34 9/7/9
f 16/5/16 17/6/17 12/18/12 6/17/6
f 17/6/17 31/27/31 35/19/35 12/18/12
f 19/9/19 25/22/25 32/25/32 10/12/10
f 13/23/13 29/14/29 35/19/35
f 20/10/20 19/9/19 10/12/10 4/11/4
f 21/13/21 27/24/27 28/26/28 11/16/11
f 22/3/22 7/2/7 33/15/33 30/14/30
f 24/4/24 22/3/22 8/18/8 2/17/2
f 23/10/23 21/13/21 11/16/11 5/8/5
f 34/21/34 26/20/26 13/23/13
f 33/15/33 29/14/29 13/23/13
f 35/19/35 31/27/31 13/23/13
f 26/20/26 36/19/36 13/23/13
f 35/19/35 29/14/29 18/3/18 12/18/12
f 25/22/25 34/21/34 13/23/13
f 31/27/31 28/26/28 13/23/13
f 32/25/32 27/24/27 21/13/21 10/12/10
f 32/25/32 25/22/25 13/23/13
f 28/26/28 27/24/27 13/23/13
f 30/14/30 36/19/36 8/18/8 22/3/22
f 30/14/30 33/15/33 13/23/13
f 37/4/37 18/3/18 7/2/7 1/1/1
o Terrain1
v 0.000000 0.000000 -1.000000
v 0.866025 0.000000 -0.500000
v 0.866025 0.000000 0.500000
v 0.000000 0.000000 1.000000
v -0.623740 0.000000 0.143113
v -0.866025 0.000000 -0.500000
v 0.000000 0.200000 -1.000000
v 0.866025 0.200000 -0.500000
v 0.751627 0.075274 0.333352
v 0.000000 0.078579 1.000000
v -0.623740 0.078579 0.143113
v -0.866025 0.089140 -0.500000
v 0.000000 0.073141 0.000000
v 0.866025 0.000000 0.000000
v 0.698073 0.101621 0.000000
v -0.866025 0.000000 0.000000
v -0.866025 0.078579 0.000000
v -0.294978 0.100806 -0.602913
v 0.433013 0.075274 0.750000
v 0.433013 0.000000 0.750000
v -0.433013 0.078579 0.750000
v 0.433013 0.450000 -0.750000
v -0.433013 0.000000 0.750000
v 0.433013 0.000000 -0.750000
v 0.216506 0.075274 0.375000
v 0.433013 0.131162 0.000000
v -0.250728 0.078579 0.449717
v -0.474941 0.078579 0.281680
v -0.216506 0.166249 -0.375000
v 0.216506 0.270982 -0.375000
v -0.433013 0.027456 0.000000
v 0.000000 0.078579 0.500000
v 0.000000 0.239605 -0.500000
v 0.433013 0.075274 0.250000
v -0.433013 0.061146 -0.250000
v 0.433013 0.218531 -0.250000
v -0.433013 0.000000 -0.750000
vn -0.0599 0.3582 -0.9317
vn 0.8541 0.3004 -0.4246
vn 0.4524 0.8350 0.3132
vn -0.0000 -0.0000 1.0000
vn -0.7833 -0.0000 0.6217
vn -0.7888 0.4427 -0.4263
vn -0.1467 0.6691 -0.7286
vn 0.7108 0.6621 -0.2375
vn 0.3281 0.9370 0.1198
vn 0.0018 0.6111 0.7915
vn -0.4697 0.8234 0.3184
vn -0.5441 0.7947 -0.2691
vn -0.0999 0.9822 0.1591
vn 0.7215 0.6858 0.0951
vn 0.3900 0.9051 0.1696
vn -0.8685 -0.0000 0.4957
vn -0.6623 0.6303 0.4050
vn -0.3751 0.8825 -0.2836
vn 0.3022 0.8469 0.4375
vn 0.5041 0.4488 0.7379
vn -0.6034 0.6338 0.4839
vn 0.2632 0.8600 -0.4372
vn -0.7802 -0.0000 0.6256
vn 0.5000 -0.0000 -0.8660
vn 0.0039 1.0000 -0.0043
vn -0.0151 0.9702 0.2417
vn 0.0019 1.0000 -0.0041
vn 0.0067 0.9982 -0.0590
vn -0.2247 0.9601 0.1665
vn -0.1510 0.9383 0.3110
vn -0.0068 0.9989 -0.0455
vn 0.0049 1.0000 -0.0049
vn -0.3531 0.9312 0.0903
vn -0.0135 0.9970 0.0758
vn -0.0756 0.9892 0.1253
vn 0.0854 0.9277 0.3634
vn -0.4035 0.6489 -0.6451
vt 0.992746 0.009202
vt 0.992746 0.264853
vt 0.869560 0.584417
vt 0.869560 0.009202
vt 0.500000 0.009202
vt 0.500000 0.139100
vt 0.335742 0.105421
vt 0.253627 0.009202
vt 0.130441 0.105421
vt 0.130441 0.009202
vt 0.007254 0.009202
vt 0.007254 0.109646
vt 0.130441 0.109646
vt 0.797083 0.138058
vt 0.684780 0.221710
vt 0.746373 0.315478
vt 0.429482 0.009202
vt 0.429482 0.109646
vt 0.500000 0.109646
vt 0.746373 0.009202
vt 0.746373 0.123146
vt 0.746373 0.264853
vt 0.623186 0.288541
vt 0.500000 0.176861
vt 0.376813 0.105421
vt 0.315220 0.105421
vt 0.500000 0.102695
vt 0.278404 0.109646
vt 0.253627 0.109646
vt 0.684780 0.355586
vt 0.361203 0.109646
vt 0.500000 0.044298
vt 0.623186 0.087362
s 1
usemtl TestMaterial
f 38/28/38 44/29/44 59/30/59 61/31/61
f 51/32/51 52/33/52 46/34/46 40/35/40
f 40/35/40 46/34/46 56/36/56 57/37/57
f 41/38/41 47/39/47 58/40/58 60/37/60
f 44/29/44 55/41/55 66/42/66 70/43/70
f 42/44/42 48/45/48 54/46/54 53/32/53
f 43/47/43 49/48/49 55/41/55 74/31/74
f 45/49/45 73/50/73 63/51/63 52/33/52
f 46/34/46 71/52/71 62/53/62 56/36/56
f 50/54/50 64/55/64 69/56/69
f 50/54/50 73/50/73 67/57/67
f 48/45/48 65/58/65 68/59/68 54/46/54
f 39/47/39 45/49/45 52/33/52 51/32/51
f 52/33/52 63/51/63 71/52/71 46/34/46
f 53/32/53 54/46/54 49/48/49 43/47/43
f 54/46/54 68/59/68 72/60/72 49/48/49
f 56/36/56 62/53/62 69/56/69 47/39/47
f 50/54/50 66/42/66 72/60/72
f 57/37/57 56/36/56 47/39/47 41/38/41
f 58/40/58 64/55/64 65/58/65 48/45/48
f 59/30/59 44/29/44 70/43/70 67/57/67
f 61/31/61 59/30/59 45/49/45 39/47/39
f 60/37/60 58/40/58 48/45/48 42/44/42
f 71/52/71 63/51/63 50/54/50
f 70/43/70 66/42/66 50/54/50
f 72/60/72 68/59/68 50/54/50
f 63/51/63 73/50/73 50/54/50
f 72/60/72 66/42/66 55/41/55 49/48/49
f 62/53/62 71/52/71 50/54/50
f 68/59/68 65/58/65 50/54/50
f 69/56/69 64/55/64 58/40/58 47/39/47
f 69/56/69 62/53/62 50/54/50
f 65/58/65 64/55/64 50/54/50
f 67/57/67 73/50/73 45/49/45 59/30/59
f 67/57/67 70/43/70 50/54/50
f 74/31/74 55/41/55 44/29/44 38/28/38
o Terrain2.1
v 0.000000 0.000000 -1.000000
v 0.866025 0.000000 -0.500000
v 0.866025 0.000000 0.500000
v 0.000000 0.000000 1.000000
v -0.866025 0.000000 0.500000
v -0.866025 0.000000 -0.500000
v 0.000000 0.200000 -1.000000
v 0.866025 0.200000 -0.500000
v 0.866025 0.200000 0.500000
v 0.000000 0.200000 1.000000
v -0.866025 0.088274 0.500000
v -0.866025 0.088274 -0.500000
v 0.000000 0.093511 0.000000
v 0.866025 0.000000 0.000000
v 0.698676 0.079753 0.000000
v -0.866025 0.000000 0.000000
v -0.866025 0.088274 0.000000
v -0.433013 0.088274 -0.750000
v 0.433013 0.450000 0.750000
v 0.433013 0.000000 0.750000
v -0.433013 0.088274 0.750000
v 0.433013 0.450000 -0.750000
v -0.433013 0.000000 0.750000
v 0.433013 0.000000 -0.750000
v 0.216506 0.299585 0.375000
v 0.433013 0.243687 0.000000
v -0.216506 0.073483 0.375000
v -0.433013 0.077121 0.250000
v -0.216506 0.073483 -0.375000
v 0.216506 0.277380 -0.375000
v -0.433013 0.077121 0.000000
v 0.000000 0.266625 0.500000
v 0.000000 0.278653 -0.500000
v 0.433013 0.266148 0.250000
v -0.433013 0.077121 -0.250000
v 0.433013 0.266625 -0.250000
v -0.433013 0.000000 -0.750000
vn -0.0000 -0.0000 -1.0000
vn 0.8634 0.3409 -0.3720
vn 0.8634 0.3409 0.3720
vn -0.0000 -0.0000 1.0000
vn -0.8660 -0.0000 0.5000
vn -0.8660 -0.0000 -0.5000
vn -0.2139 0.8919 -0.3984
vn 0.5634 0.8182 -0.1148
vn 0.5692 0.8137 0.1176
vn -0.2099 0.8967 0.3896
vn -0.0925 0.9942 0.0550
vn -0.0925 0.9942 -0.0550
vn -0.1642 0.9864 0.0005
vn 0.8582 0.5134 -0.0000
vn 0.7695 0.6387 -0.0000
vn -1.0000 -0.0000 -0.0000
vn -0.0773 0.9970 -0.0000
vn -0.1878 0.9684 -0.1638
vn 0.0246 0.9988 0.0427
vn 0.5000 -0.0000 0.8660
vn -0.1858 0.9694 0.1603
vn 0.0221 0.9989 -0.0409
vn -0.5000 -0.0000 0.8660
vn 0.5000 -0.0000 -0.8660
vn -0.1248 0.9682 -0.2169
vn -0.0229 0.9997 0.0009
vn -0.0643 0.9979 -0.0100
vn 0.0067 1.0000 0.0005
vn -0.0649 0.9978 0.0094
vn -0.1187 0.9560 0.2684
vn -0.0055 1.0000 -0.0000
vn -0.3750 0.9180 -0.1292
vn -0.3253 0.9352 0.1400
vn 0.0684 0.9409 -0.3316
vn 0.0067 1.0000 -0.0005
vn 0.0421 0.9513 0.3053
vn -0.5000 -0.0000 -0.8660
vt 0.992746 0.009202
vt 0.992746 0.264853
vt 0.869560 0.584417
vt 0.869560 0.009202
vt 0.500000 0.009202
vt 0.500000 0.111147
vt 0.253627 0.264853
vt 0.253627 0.009202
vt 0.130441 0.584417
vt 0.130441 0.009202
vt 0.007254 0.009202
vt 0.007254 0.264853
vt 0.130441 0.122038
vt 0.869560 0.122038
vt 0.684780 0.103132
vt 0.746373 0.365392
vt 0.253627 0.122038
vt 0.500000 0.122038
vt 0.746373 0.009202
vt 0.746373 0.122038
vt 0.746373 0.264853
vt 0.623186 0.350016
vt 0.500000 0.320696
vt 0.376813 0.349407
vt 0.315220 0.392148
vt 0.500000 0.128733
vt 0.315220 0.103132
vt 0.253627 0.350016
vt 0.684780 0.363765
vt 0.376813 0.107783
vt 0.500000 0.107783
vt 0.623186 0.107783
s 1
f 75/61/75 81/62/81 96/63/96 98/64/98
f 88/65/88 89/66/89 83/67/83 77/68/77
f 77/68/77 83/67/83 93/69/93 94/70/94
f 78/71/78 84/72/84 95/73/95 97/70/97
f 81/62/81 92/74/92 103/75/103 107/76/107
f 79/68/79 85/77/85 91/78/91 90/65/90
f 80/79/80 86/80/86 92/74/92 111/64/111
f 82/81/82 110/82/110 100/83/100 89/66/89
f 83/67/83 108/84/108 99/85/99 93/69/93
f 87/86/87 101/87/101 106/88/106
f 87/86/87 110/82/110 104/89/104
f 85/77/85 102/90/102 105/91/105 91/78/91
f 76/79/76 82/81/82 89/66/89 88/65/88
f 89/66/89 100/83/100 108/84/108 83/67/83
f 90/65/90 91/78/91 86/80/86 80/79/80
f 91/78/91 105/91/105 109/92/109 86/80/86
f 93/69/93 99/85/99 106/88/106 84/72/84
f 87/86/87 103/75/103 109/92/109
f 94/70/94 93/69/93 84/72/84 78/71/78
f 95/73/95 101/87/101 102/90/102 85/77/85
f 96/63/96 81/62/81 107/76/107 104/89/104
f 98/64/98 96/63/96 82/81/82 76/79/76
f 97/70/97 95/73/95 85/77/85 79/68/79
f 108/84/108 100/83/100 87/86/87
f 107/76/107 103/75/103 87/86/87
f 109/92/109 105/91/105 87/86/87
f 100/83/100 110/82/110 87/86/87
f 109/92/109 103/75/103 92/74/92 86/80/86
f 99/85/99 108/84/108 87/86/87
f 105/91/105 102/90/102 87/86/87
f 106/88/106 101/87/101 95/73/95 84/72/84
f 106/88/106 99/85/99 87/86/87
f 102/90/102 101/87/101 87/86/87
f 104/89/104 110/82/110 82/81/82 96/63/96
f 104/89/104 107/76/107 87/86/87
f 111/64/111 92/74/92 81/62/81 75/61/75
o Terrain4.1
v 0.000000 0.000000 -1.000000
v 0.866025 0.000000 -0.500000
v 0.866025 0.000000 0.500000
v 0.000000 0.000000 1.000000
v -0.866025 0.000000 0.500000
v -0.866025 0.000000 -0.500000
v 0.000000 0.700000 -1.000000
v 0.866025 0.700000 -0.500000
v 0.866025 0.200000 0.500000
v 0.000000 0.200000 1.000000
v -0.866025 0.200000 0.500000
v -0.866025 0.200000 -0.500000
v 0.000000 0.264540 0.000000
v 0.866025 0.000000 0.000000
v 0.866025 0.450000 0.000000
v -0.866025 0.000000 0.000000
v -0.777220 0.027314 0.000000
v -0.433013 0.450000 -0.750000
v 0.360110 0.027314 0.663456
v 0.433013 0.000000 0.750000
v -0.433013 0.450000 0.750000
v 0.433013 0.700000 -0.750000
v -0.433013 0.000000 0.750000
v 0.433013 0.000000 -0.750000
v 0.216506 0.077012 0.375000
v 0.433013 0.345255 0.000000
v -0.216506 0.292164 0.375000
v -0.433013 0.292164 0.250000
v -0.216506 0.321121 -0.375000
v 0.216506 0.425045 -0.375000
v -0.433013 0.240709 0.000000
v -0.032952 0.131426 0.500000
v 0.000000 0.425045 -0.500000
v 0.433013 0.053290 0.250000
v -0.433013 0.242058 -0.250000
v 0.433013 0.425045 -0.250000
v -0.433013 0.000000 -0.750000
vn -0.0000 -0.0000 -1.0000
vn 0.8660 -0.0000 -0.5000
vn 0.7845 0.2742 0.5563
vn 0.0952 0.2929 0.9514
vn -0.8783 0.2278 0.4203
vn -0.8783 0.2278 -0.4203
vn -0.0469 0.9982 -0.0364
vn 0.0543 0.9983 0.0219
vn 0.2529 0.8366 0.4859
vn 0.2708 0.8706 0.4107
vn -0.6090 0.7842 0.1194
vn -0.5578 0.8233 -0.1048
vn -0.0108 0.9864 0.1642
vn 1.0000 -0.0000 -0.0000
vn 0.2211 0.8842 0.4115
vn -0.9314 0.3639 -0.0000
vn -0.8712 0.4909 -0.0012
vn -0.4707 0.8822 0.0094
vn 0.2870 0.8363 0.4672
vn 0.4476 0.4400 0.7785
vn -0.0350 0.9992 0.0197
vn 0.0039 1.0000 -0.0068
vn -0.5000 -0.0000 0.8660
vn 0.5000 -0.0000 -0.8660
vn 0.1778 0.9809 0.0787
vn -0.2483 0.8755 0.4145
vn 0.1446 0.9857 -0.0870
vn -0.0774 0.9831 -0.1660
vn -0.2446 0.9119 0.3295
vn -0.2125 0.9052 0.3681
vn -0.1716 0.9834 -0.0589
vn 0.3424 0.9380 0.0534
vn -0.2169 0.8885 0.4044
vn -0.0964 0.9810 0.1684
vn -0.1814 0.9675 0.1761
vn -0.2390 0.8954 0.3756
vn -0.5000 -0.0000 -0.8660
vt 0.992746 0.009202
vt 0.992746 0.903980
vt 0.869560 0.903980
vt 0.869560 0.009202
vt 0.500000 0.009202
vt 0.500000 0.584417
vt 0.253627 0.264853
vt 0.253627 0.009202
vt 0.173085 0.044116
vt 0.130441 0.009202
vt 0.007254 0.009202
vt 0.007254 0.264853
vt 0.130441 0.584417
vt 0.869560 0.584417
vt 0.684780 0.419677
vt 0.746373 0.552518
vt 0.500000 0.044116
vt 0.746373 0.009202
vt 0.746373 0.264853
vt 0.746373 0.903980
vt 0.623186 0.552518
vt 0.500000 0.450526
vt 0.376813 0.077321
vt 0.315220 0.107643
vt 0.500000 0.347352
vt 0.315220 0.382663
vt 0.253627 0.177198
vt 0.684780 0.552518
vt 0.376813 0.382663
vt 0.500000 0.316890
vt 0.623186 0.318614
s 1
f 112/93/112 118/94/118 133/95/133 135/96/135
f 125/97/125 126/98/126 120/99/120 114/100/114
f 114/100/114 120/99/120 130/101/130 131/102/131
f 115/103/115 121/104/121 132/105/132 134/102/134
f 118/94/118 129/106/129 140/107/140 144/108/144
f 116/100/116 122/99/122 128/109/128 127/97/127
f 117/110/117 123/111/123 129/106/129 148/96/148
f 119/112/119 147/113/147 137/114/137 126/98/126
f 120/99/120 145/115/145 136/116/136 130/101/130
f 124/117/124 138/118/138 143/119/143
f 124/117/124 147/113/147 141/120/141
f 122/99/122 139/121/139 142/122/142 128/109/128
f 113/110/113 119/112/119 126/98/126 125/97/125
f 126/98/126 137/114/137 145/115/145 120/99/120
f 127/97/127 128/109/128 123/111/123 117/110/117
f 128/109/128 142/122/142 146/123/146 123/111/123
f 130/101/130 136/116/136 143/119/143 121/104/121
f 124/117/124 140/107/140 146/123/146
f 131/102/131 130/101/130 121/104/121 115/103/115
f 132/105/132 138/118/138 139/121/139 122/99/122
f 133/95/133 118/94/118 144/108/144 141/120/141
f 135/96/135 133/95/133 119/112/119 113/110/113
f 134/102/134 132/105/132 122/99/122 116/100/116
f 145/115/145 137/114/137 124/117/124
f 144/108/144 140/107/140 124/117/124
f 146/123/146 142/122/142 124/117/124
f 137/114/137 147/113/147 124/117/124
f 146/123/146 140/107/140 129/106/129 123/111/123
f 136/116/136 145/115/145 124/117/124
f 142/122/142 139/121/139 124/117/124
f 143/119/143 138/118/138 132/105/132 121/104/121
f 143/119/143 136/116/136 124/117/124
f 139/121/139 138/118/138 124/117/124
f 141/120/141 147/113/147 119/112/119 133/95/133
f 141/120/141 144/108/144 124/117/124
f 148/96/148 129/106/129 118/94/118 112/93/112
o Terrain2
v 0.000000 0.000000 -1.000000
v 0.866025 0.000000 -0.500000
v 0.866025 0.000000 0.500000
v 0.000000 0.000000 1.000000
v -0.866025 0.000000 0.500000
v -0.866025 0.000000 -0.500000
v 0.000000 0.200000 -1.000000
v 0.866025 0.700000 -0.500000
v 0.866025 0.200000 0.500000
v 0.000000 0.028995 0.783551
v -0.866025 0.028995 0.500000
v -0.866025 0.028995 -0.500000
v 0.000000 0.172119 0.000000
v 0.866025 0.000000 0.000000
v 0.866025 0.450000 0.000000
v -0.866025 0.000000 0.000000
v -0.866025 0.028995 0.000000
v -0.334583 0.028995 -0.604631
v 0.364372 0.028995 0.602968
v 0.433013 0.000000 0.750000
v -0.433013 0.028995 0.750000
v 0.433013 0.450000 -0.750000
v -0.433013 0.000000 0.750000
v 0.433013 0.000000 -0.750000
v 0.216506 0.196074 0.375000
v 0.433013 0.405100 0.000000
v -0.565423 0.066763 0.492120
v -0.519526 0.066763 0.250000
v -0.216506 0.114763 -0.375000
v 0.216506 0.343124 -0.375000
v -0.433013 0.065675 0.000000
v 0.000000 0.130869 0.358504
v 0.000000 0.207295 -0.500000
v 0.433013 0.274542 0.250000
v -0.433013 0.065675 -0.250000
v 0.433013 0.419513 -0.250000
v -0.433013 0.000000 -0.750000
vn -0.1353 0.4307 -0.8923
vn 0.8660 -0.0000 -0.5000
vn 0.7208 0.4035 0.5635
vn 0.0130 0.9818 0.1895
vn -0.8660 -0.0000 0.5000
vn -0.4102 0.8688 -0.2775
vn -0.2421 0.8485 -0.4706
vn 0.0019 1.0000 -0.0082
vn 0.4105 0.7587 0.5059
vn 0.0004 0.9756 0.2196
vn -0.2598 0.9575 0.1251
vn -0.1820 0.9770 -0.1110
vn -0.2911 0.9534 0.0788
vn 1.0000 -0.0000 -0.0000
vn 0.2149 0.9107 0.3527
vn -1.0000 -0.0000 -0.0000
vn -0.2224 0.9749 -0.0061
vn -0.2277 0.9400 -0.2542
vn 0.0774 0.9290 0.3618
vn 0.1034 0.9565 0.2729
vn -0.1163 0.9597 0.2557
vn -0.2367 0.8921 -0.3848
vn -0.2054 0.8658 0.4562
vn 0.5000 -0.0000 -0.8660
vn -0.2160 0.9362 0.2774
vn -0.2808 0.9142 0.2923
vn -0.1093 0.9877 0.1118
vn -0.1500 0.9886 -0.0121
vn -0.2940 0.9553 -0.0321
vn -0.4622 0.8835 0.0755
vn -0.1446 0.9893 -0.0194
vn -0.0773 0.9774 0.1970
vn -0.4828 0.8757 0.0114
vn -0.2368 0.8741 0.4241
vn -0.1233 0.9912 -0.0472
vn -0.3914 0.9058 0.1624
vn -0.2585 0.8849 -0.3874
vt 0.992746 0.009202
vt 0.992746 0.264853
vt 0.869560 0.584417
vt 0.869560 0.009202
vt 0.500000 0.009202
vt 0.500000 0.584417
vt 0.253627 0.264853
vt 0.253627 0.009202
vt 0.202890 0.046265
vt 0.130441 0.009202
vt 0.007254 0.009202
vt 0.113909 0.046265
vt 0.130441 0.046265
vt 0.797930 0.046265
vt 0.684780 0.155898
vt 0.746373 0.274178
vt 0.253627 0.046265
vt 0.500000 0.046265
vt 0.746373 0.009202
vt 0.746373 0.046265
vt 0.746373 0.903980
vt 0.623186 0.545446
vt 0.500000 0.527023
vt 0.376813 0.360137
vt 0.315220 0.259834
vt 0.500000 0.229214
vt 0.257510 0.094542
vt 0.323348 0.176486
vt 0.684780 0.447802
vt 0.376813 0.094542
vt 0.500000 0.093151
vt 0.623186 0.093151
s 1
f 149/124/149 155/125/155 170/126/170 172/127/172
f 162/128/162 163/129/163 157/130/157 151/131/151
f 151/131/151 157/130/157 167/132/167 168/133/168
f 152/134/152 158/135/158 169/136/169 171/133/171
f 155/125/155 166/137/166 177/138/177 181/139/181
f 153/131/153 159/140/159 165/141/165 164/128/164
f 154/142/154 160/143/160 166/137/166 185/127/185
f 156/144/156 184/145/184 174/146/174 163/129/163
f 157/130/157 182/147/182 173/148/173 167/132/167
f 161/149/161 175/150/175 180/151/180
f 161/149/161 184/145/184 178/152/178
f 159/140/159 176/153/176 179/154/179 165/141/165
f 150/142/150 156/144/156 163/129/163 162/128/162
f 163/129/163 174/146/174 182/147/182 157/130/157
f 164/128/164 165/141/165 160/143/160 154/142/154
f 165/141/165 179/154/179 183/155/183 160/143/160
f 167/132/167 173/148/173 180/151/180 158/135/158
f 161/149/161 177/138/177 183/155/183
f 168/133/168 167/132/167 158/135/158 152/134/152
f 169/136/169 175/150/175 176/153/176 159/140/159
f 170/126/170 155/125/155 181/139/181 178/152/178
f 172/127/172 170/126/170 156/144/156 150/142/150
f 171/133/171 169/136/169 159/140/159 153/131/153
f 182/147/182 174/146/174 161/149/161
f 181/139/181 177/138/177 161/149/161
f 183/155/183 179/154/179 161/149/161
f 174/146/174 184/145/184 161/149/161
f 183/155/183 177/138/177 166/137/166 160/143/160
f 173/148/173 182/147/182 161/149/161
f 179/154/179 176/153/176 161/149/161
f 180/151/180 175/150/175 169/136/169 158/135/158
f 180/151/180 173/148/173 161/149/161
f 176/153/176 175/150/175 161/149/161
f 178/152/178 184/145/184 156/144/156 170/126/170
f 178/152/178 181/139/181 161/149/161
f 185/127/185 166/137/166 155/125/155 149/124/149
o Terrain0
v 0.000000 0.000000 -1.000000
v 0.866025 0.000000 -0.500000
v 0.866025 0.000000 0.500000
v 0.000000 0.000000 1.000000
v -0.866025 0.000000 0.500000
v -0.866025 0.000000 -0.500000
v 0.000000 0.034264 -1.000000
v 0.866025 0.034264 -0.500000
v 0.866025 0.034264 0.500000
v 0.000000 0.034264 1.000000
v -0.866025 0.034264 0.500000
v -0.866025 0.034264 -0.500000
v 0.000000 0.467290 0.000000
v 0.866025 0.000000 0.000000
v 0.866025 0.034264 0.000000
v -0.866025 0.000000 0.000000
v -0.866025 0.034264 0.000000
v -0.433013 0.034264 -0.750000
v 0.433013 0.034264 0.750000
v 0.433013 0.000000 0.750000
v -0.433013 0.034264 0.750000
v 0.433013 0.034264 -0.750000
v -0.433013 0.000000 0.750000
v 0.433013 0.000000 -0.750000
v 0.216506 0.369184 0.375000
v 0.433013 0.324958 0.000000
v -0.216506 0.324958 0.375000
v -0.433013 0.324958 0.250000
v -0.216506 0.324958 -0.375000
v 0.216506 0.260813 -0.375000
v -0.433013 0.353591 0.000000
v 0.000000 0.324958 0.500000
v 0.000000 0.236685 -0.500000
v 0.573894 0.324958 0.250000
v -0.433013 0.324958 -0.250000
v 0.433013 0.292058 -0.250000
v -0.433013 0.000000 -0.750000
vn -0.0000 -0.0000 -1.0000
vn 0.8660 -0.0000 -0.5000
vn 0.8660 -0.0000 0.5000
vn -0.0000 -0.0000 1.0000
vn -0.8660 -0.0000 0.5000
vn -0.8660 -0.0000 -0.5000
vn 0.0255 0.7175 -0.6961
vn 0.6208 0.6817 -0.3872
vn 0.7227 0.5748 0.3838
vn -0.0158 0.6254 0.7802
vn -0.6672 0.6302 0.3971
vn -0.6672 0.6302 -0.3971
vn -0.0003 1.0000 -0.0056
vn 1.0000 -0.0000 -0.0000
vn 0.8227 0.5661 -0.0525
vn -1.0000 -0.0000 -0.0000
vn -0.8127 0.5826 -0.0000
vn -0.3493 0.6369 -0.6873
vn 0.3978 0.5552 0.7304
vn 0.5000 -0.0000 0.8660
vn -0.4018 0.5952 0.6959
vn 0.3421 0.6855 -0.6427
vn -0.5000 -0.0000 0.8660
vn 0.5000 -0.0000 -0.8660
vn 0.0957 0.9645 0.2463
vn 0.3811 0.9149 -0.1332
vn -0.2028 0.9140 0.3513
vn -0.3389 0.9140 0.2228
vn -0.0590 0.9193 -0.3890
vn 0.1721 0.8885 -0.4253
vn -0.2991 0.9542 -0.0000
vn -0.0320 0.9080 0.4178
vn 0.0368 0.9017 -0.4308
vn 0.3827 0.9131 0.1403
vn -0.3389 0.9140 -0.2228
vn 0.3142 0.9137 -0.2578
vn -0.5000 -0.0000 -0.8660
vt 0.992746 0.009202
vt 0.992746 0.053001
vt 0.869560 0.053001
vt 0.869560 0.009202
vt 0.500000 0.009202
vt 0.500000 0.053001
vt 0.253627 0.053001
vt 0.253627 0.009202
vt 0.130441 0.053001
vt 0.130441 0.009202
vt 0.007254 0.009202
vt 0.007254 0.053001
vt 0.684780 0.424582
vt 0.746373 0.311745
vt 0.746373 0.009202
vt 0.746373 0.053001
vt 0.623186 0.382527
vt 0.500000 0.424582
vt 0.376813 0.424582
vt 0.315220 0.481113
vt 0.500000 0.606519
vt 0.315220 0.424582
vt 0.253627 0.424582
vt 0.684780 0.342588
vt 0.500000 0.461181
vt 0.623186 0.424582
s 1
f 186/156/186 192/157/192 207/158/207 209/159/209
f 199/160/199 200/161/200 194/162/194 188/163/188
f 188/163/188 194/162/194 204/164/204 205/165/205
f 189/166/189 195/167/195 206/164/206 208/165/208
f 192/157/192 203/158/203 214/168/214 218/169/218
f 190/163/190 196/162/196 202/161/202 201/160/201
f 191/170/191 197/171/197 203/158/203 222/159/222
f 193/171/193 221/172/221 211/173/211 200/161/200
f 194/162/194 219/174/219 210/175/210 204/164/204
f 198/176/198 212/177/212 217/178/217
f 198/176/198 221/172/221 215/179/215
f 196/162/196 213/174/213 216/180/216 202/161/202
f 187/170/187 193/171/193 200/161/200 199/160/199
f 200/161/200 211/173/211 219/174/219 194/162/194
f 201/160/201 202/161/202 197/171/197 191/170/191
f 202/161/202 216/180/216 220/181/220 197/171/197
f 204/164/204 210/175/210 217/178/217 195/167/195
f 198/176/198 214/168/214 220/181/220
f 205/165/205 204/164/204 195/167/195 189/166/189
f 206/164/206 212/177/212 213/174/213 196/162/196
f 207/158/207 192/157/192 218/169/218 215/179/215
f 209/159/209 207/158/207 193/171/193 187/170/187
f 208/165/208 206/164/206 196/162/196 190/163/190
f 219/174/219 211/173/211 198/176/198
f 218/169/218 214/168/214 198/176/198
f 220/181/220 216/180/216 198/176/198
f 211/173/211 221/172/221 198/176/198
f 220/181/220 214/168/214 203/158/203 197/171/197
f 210/175/210 219/174/219 198/176/198
f 216/180/216 213/174/213 198/176/198
f 217/178/217 212/177/212 206/164/206 195/167/195
f 217/178/217 210/175/210 198/176/198
f 213/174/213 212/177/212 198/176/198
f 215/179/215 221/172/221 193/171/193 207/158/207
f 215/179/215 218/169/218 198/176/198
f 222/159/222 203/158/203 192/157/192 186/156/186
o Terrain2.2
v 0.000000 0.000000 -1.000000
v 0.866025 0.000000 -0.500000
v 0.866025 0.000000 0.500000
v 0.000000 0.000000 1.000000
v -0.866025 0.000000 0.500000
v -0.866025 0.000000 -0.500000
v 0.000000 0.027628 -1.000000
v 0.866025 0.200000 -0.500000
v 0.866025 0.200000 0.500000
v 0.000000 0.027628 1.000000
v -0.866025 0.200000 0.500000
v -0.866025 0.200000 -0.500000
v 0.000000 0.242266 0.000000
v 0.866025 0.000000 0.000000
v 0.866025 0.450000 0.000000
v -0.866025 0.000000 0.000000
v -0.866025 0.450000 0.000000
v -0.433013 0.027628 -0.750000
v 0.433013 0.027628 0.750000
v 0.433013 0.000000 0.750000
v -0.433013 0.027628 0.750000
v 0.433013 0.027628 -0.750000
v -0.433013 0.000000 0.750000
v 0.433013 0.000000 -0.750000
v 0.216506 0.077402 0.375000
v 0.433013 0.280949 0.000000
v -0.216506 0.108297 0.375000
v -0.433013 0.241826 0.180857
v -0.216506 0.077402 -0.375000
v 0.216506 0.102519 -0.375000
v -0.433013 0.289639 0.000000
v 0.000000 0.077402 0.334730
v 0.000000 0.077402 -0.339354
v 0.433013 0.278831 0.205134
v -0.433013 0.238913 -0.210520
v 0.433013 0.200745 -0.192002
v -0.433013 0.000000 -0.750000
vn -0.0000 -0.0000 -1.0000
vn 0.8660 -0.0000 -0.5000
vn 0.8660 -0.0000 0.5000
vn -0.0000 -0.0000 1.0000
vn -0.8660 -0.0000 0.5000
vn -0.8660 -0.0000 -0.5000
vn -0.0148 0.9639 -0.2659
vn 0.2094 0.9034 -0.3742
vn 0.2542 0.8706 0.4212
vn 0.0180 0.9625 0.2705
vn -0.2346 0.8929 0.3843
vn -0.2275 0.8907 -0.3935
vn 0.0032 0.9999 -0.0133
vn 1.0000 -0.0000 -0.0000
vn 0.0314 0.9995 0.0097
vn -1.0000 -0.0000 -0.0000
vn -0.0281 0.9996 -0.0013
vn -0.1500 0.9109 -0.3845
vn 0.1530 0.9081 0.3897
vn 0.5000 -0.0000 0.8660
vn -0.1510 0.8825 0.4454
vn 0.1471 0.8928 -0.4257
vn -0.5000 -0.0000 0.8660
vn 0.5000 -0.0000 -0.8660
vn -0.0528 0.9746 0.2175
vn -0.1693 0.9831 -0.0697
vn 0.1344 0.9446 0.2994
vn 0.1857 0.9193 0.3469
vn 0.0533 0.9763 -0.2098
vn -0.1165 0.9559 -0.2697
vn 0.2204 0.9754 0.0009
vn 0.0139 0.9855 0.1693
vn -0.0117 0.9857 -0.1678
vn -0.1569 0.9715 0.1776
vn 0.2013 0.9137 -0.3529
vn -0.1694 0.9151 -0.3660
vn -0.5000 -0.0000 -0.8660
vt 0.992746 0.009202
vt 0.992746 0.044518
vt 0.869560 0.044518
vt 0.869560 0.009202
vt 0.500000 0.009202
vt 0.500000 0.584417
vt 0.253627 0.264853
vt 0.253627 0.009202
vt 0.130441 0.044518
vt 0.130441 0.009202
vt 0.007254 0.009202
vt 0.007254 0.044518
vt 0.684780 0.108142
vt 0.667215 0.108142
vt 0.746373 0.009202
vt 0.746373 0.264853
vt 0.594608 0.265806
vt 0.500000 0.368327
vt 0.398921 0.365619
vt 0.315220 0.108142
vt 0.500000 0.318880
vt 0.315220 0.147634
vt 0.335063 0.108142
vt 0.684780 0.140248
vt 0.410884 0.318318
vt 0.500000 0.379435
vt 0.603733 0.314594
s 1
f 223/182/223 229/183/229 244/184/244 246/185/246
f 236/186/236 237/187/237 231/188/231 225/189/225
f 225/189/225 231/188/231 241/190/241 242/191/242
f 226/192/226 232/193/232 243/190/243 245/191/245
f 229/183/229 240/184/240 251/194/251 255/195/255
f 227/189/227 233/188/233 239/187/239 238/186/238
f 228/196/228 234/197/234 240/184/240 259/185/259
f 230/197/230 258/198/258 248/199/248 237/187/237
f 231/188/231 256/200/256 247/201/247 241/190/241
f 235/202/235 249/203/249 254/204/254
f 235/202/235 258/198/258 252/205/252
f 233/188/233 250/206/250 253/207/253 239/187/239
f 224/196/224 230/197/230 237/187/237 236/186/236
f 237/187/237 248/199/248 256/200/256 231/188/231
f 238/186/238 239/187/239 234/197/234 228/196/228
f 239/187/239 253/207/253 257/208/257 234/197/234
f 241/190/241 247/201/247 254/204/254 232/193/232
f 235/202/235 251/194/251 257/208/257
f 242/191/242 241/190/241 232/193/232 226/192/226
f 243/190/243 249/203/249 250/206/250 233/188/233
f 244/184/244 229/183/229 255/195/255 252/205/252
f 246/185/246 244/184/244 230/197/230 224/196/224
f 245/191/245 243/190/243 233/188/233 227/189/227
f 256/200/256 248/199/248 235/202/235
f 255/195/255 251/194/251 235/202/235
f 257/208/257 253/207/253 235/202/235
f 248/199/248 258/198/258 235/202/235
f 257/208/257 251/194/251 240/184/240 234/197/234
f 247/201/247 256/200/256 235/202/235
f 253/207/253 250/206/250 235/202/235
f 254/204/254 249/203/249 243/190/243 232/193/232
f 254/204/254 247/201/247 235/202/235
f 250/206/250 249/203/249 235/202/235
f 252/205/252 258/198/258 230/197/230 244/184/244
f 252/205/252 255/195/255 235/202/235
f 259/185/259 240/184/240 229/183/229 223/182/223
o Terrain3
v 0.000000 0.000000 -1.000000
v 0.866025 0.000000 -0.500000
v 0.866025 0.000000 0.500000
v 0.000000 0.000000 1.000000
v -0.866025 0.000000 0.500000
v -0.866025 0.000000 -0.500000
v 0.000000 0.700000 -1.000000
v 0.866025 0.700000 -0.500000
v 0.866025 0.200000 0.500000
v 0.000000 0.021121 1.000000
v -0.866025 0.021121 0.500000
v -0.866025 0.200000 -0.500000
v 0.000000 0.314802 0.000000
v 0.866025 0.000000 0.000000
v 0.866025 0.450000 0.000000
v -0.866025 0.000000 0.000000
v -0.689342 0.021121 -0.060353
v -0.433013 0.450000 -0.750000
v 0.383304 0.021121 0.623506
v 0.433013 0.000000 0.750000
v -0.433013 0.021121 0.750000
v 0.433013 0.700000 -0.750000
v -0.433013 0.000000 0.750000
v 0.433013 0.000000 -0.750000
v 0.216506 0.139902 0.375000
v 0.433013 0.421038 0.000000
v -0.120661 0.074742 0.231980
v -0.337167 0.074742 0.106980
v -0.216506 0.368294 -0.375000
v 0.216506 0.512601 -0.375000
v -0.433013 0.106145 0.000000
v 0.095845 0.074742 0.356980
v 0.000000 0.472790 -0.500000
v 0.433013 0.369067 0.250000
v -0.433013 0.269965 -0.250000
v 0.433013 0.487676 -0.250000
v -0.433013 0.000000 -0.750000
vn -0.0000 -0.0000 -1.0000
vn 0.8660 -0.0000 -0.5000
vn 0.7454 0.3577 0.5625
vn 0.0242 0.8761 0.4816
vn -0.3585 0.9160 0.1801
vn -0.8226 0.4813 -0.3029
vn -0.0836 0.9945 -0.0627
vn 0.0818 0.9961 0.0335
vn 0.4432 0.6851 0.5781
vn -0.0140 0.9761 0.2169
vn -0.1695 0.9806 0.0980
vn -0.6451 0.7622 -0.0533
vn -0.3134 0.8687 0.3836
vn 1.0000 -0.0000 -0.0000
vn 0.3140 0.8767 0.3643
vn -0.3571 0.9338 0.0223
vn -0.3125 0.9468 0.0771
vn -0.4929 0.8694 -0.0343
vn 0.0971 0.9268 0.3628
vn 0.2094 0.8872 0.4112
vn -0.1085 0.9762 0.1879
vn -0.0016 0.9999 -0.0150
vn -0.5000 -0.0000 0.8660
vn 0.5000 -0.0000 -0.8660
vn -0.2703 0.7845 0.5582
vn -0.1333 0.9426 0.3061
vn -0.0950 0.9818 0.1646
vn -0.1248 0.9860 0.1108
vn -0.2803 0.9088 0.3091
vn -0.2231 0.9026 0.3682
vn -0.3275 0.8628 0.3850
vn -0.0542 0.9837 0.1713
vn -0.2910 0.8958 0.3360
vn -0.1176 0.9378 0.3267
vn -0.3232 0.8635 0.3872
vn -0.1499 0.9114 0.3832
vn -0.5000 -0.0000 -0.8660
vt 0.992746 0.009202
vt 0.992746 0.903980
vt 0.869560 0.903980
vt 0.869560 0.009202
vt 0.500000 0.009202
vt 0.500000 0.584417
vt 0.253627 0.264853
vt 0.253627 0.009202
vt 0.192770 0.036200
vt 0.130441 0.009202
vt 0.007254 0.009202
vt 0.007254 0.036200
vt 0.130441 0.036200
vt 0.869560 0.584417
vt 0.684780 0.479976
vt 0.746373 0.613549
vt 0.253627 0.036200
vt 0.529738 0.036200
vt 0.746373 0.009202
vt 0.746373 0.264853
vt 0.746373 0.903980
vt 0.623186 0.632576
vt 0.500000 0.547396
vt 0.376813 0.480964
vt 0.315220 0.188032
vt 0.500000 0.411600
vt 0.385693 0.104741
vt 0.324100 0.104741
vt 0.684780 0.664436
vt 0.447286 0.104741
vt 0.500000 0.144882
vt 0.623186 0.354287
s 1
f 260/209/260 266/210/266 281/211/281 283/212/283
f 273/213/273 274/214/274 268/215/268 262/216/262
f 262/216/262 268/215/268 278/217/278 279/218/279
f 263/219/263 269/220/269 280/221/280 282/218/282
f 266/210/266 277/222/277 288/223/288 292/224/292
f 264/216/264 270/225/270 276/226/276 275/213/275
f 265/227/265 271/228/271 277/222/277 296/212/296
f 267/229/267 295/230/295 285/231/285 274/214/274
f 268/215/268 293/232/293 284/233/284 278/217/278
f 272/234/272 286/235/286 291/236/291
f 272/234/272 295/230/295 289/237/289
f 270/225/270 287/238/287 290/239/290 276/226/276
f 261/227/261 267/229/267 274/214/274 273/213/273
f 274/214/274 285/231/285 293/232/293 268/215/268
f 275/213/275 276/226/276 271/228/271 265/227/265
f 276/226/276 290/239/290 294/240/294 271/228/271
f 278/217/278 284/233/284 291/236/291 269/220/269
f 272/234/272 288/223/288 294/240/294
f 279/218/279 278/217/278 269/220/269 263/219/263
f 280/221/280 286/235/286 287/238/287 270/225/270
f 281/211/281 266/210/266 292/224/292 289/237/289
f 283/212/283 281/211/281 267/229/267 261/227/261
f 282/218/282 280/221/280 270/225/270 264/216/264
f 293/232/293 285/231/285 272/234/272
f 292/224/292 288/223/288 272/234/272
f 294/240/294 290/239/290 272/234/272
f 285/231/285 295/230/295 272/234/272
f 294/240/294 288/223/288 277/222/277 271/228/271
f 284/233/284 293/232/293 272/234/272
f 290/239/290 287/238/287 272/234/272
f 291/236/291 286/235/286 280/221/280 269/220/269
f 291/236/291 284/233/284 272/234/272
f 287/238/287 286/235/286 272/234/272
f 289/237/289 295/230/295 267/229/267 281/211/281
f 289/237/289 292/224/292 272/234/272
f 296/212/296 277/222/277 266/210/266 260/209/260
o Terrain3.2
v 0.000000 0.000000 -1.000000
v 0.866025 0.000000 -0.500000
v 0.866025 0.000000 0.500000
v 0.000000 0.000000 1.000000
v -0.866025 0.000000 0.500000
v -0.866025 0.000000 -0.500000
v 0.000000 0.200000 -1.000000
v 0.866025 0.200000 -0.500000
v 0.866025 0.200000 0.500000
v 0.000000 0.200000 1.000000
v -0.866025 0.200000 0.500000
v -0.866025 0.200000 -0.500000
v 0.000000 0.307541 0.000000
v 0.866025 0.000000 0.000000
v 0.866025 0.028392 0.000000
v -0.866025 0.000000 0.000000
v -0.866025 0.450000 0.000000
v -0.433013 0.028392 -0.750000
v 0.433013 0.450000 0.750000
v 0.433013 0.000000 0.750000
v -0.433013 0.028392 0.750000
v 0.433013 0.450000 -0.750000
v -0.433013 0.000000 0.750000
v 0.433013 0.000000 -0.750000
v 0.216506 0.322075 0.375000
v 0.433013 0.203443 0.000000
v -0.216506 0.203443 0.375000
v -0.433013 0.306639 0.250000
v -0.216506 0.265751 -0.375000
v 0.216506 0.308934 -0.375000
v -0.433013 0.322075 0.000000
v 0.000000 0.227721 0.500000
v 0.000000 0.256444 -0.500000
v 0.433013 0.322075 0.250000
v -0.433013 0.276973 -0.250000
v 0.433013 0.273081 -0.250000
v -0.433013 0.000000 -0.750000
vn -0.0000 -0.0000 -1.0000
vn 0.8660 -0.0000 -0.5000
vn 0.8660 -0.0000 0.5000
vn -0.0000 -0.0000 1.0000
vn -0.8660 -0.0000 0.5000
vn -0.8660 -0.0000 -0.5000
vn -0.1567 0.8313 -0.5332
vn 0.5423 0.8355 -0.0889
vn 0.6002 0.7930 0.1044
vn -0.1857 0.8659 0.4646
vn -0.3791 0.8055 0.4556
vn -0.4045 0.8118 -0.4212
vn 0.0054 0.9999 -0.0111
vn 1.0000 -0.0000 -0.0000
vn 0.9778 0.2095 -0.0003
vn -1.0000 -0.0000 -0.0000
vn -0.0667 0.9978 0.0037
vn -0.4877 0.2138 -0.8465
vn 0.0413 0.9980 0.0480
vn 0.5000 -0.0000 0.8660
vn -0.4851 0.2378 0.8415
vn 0.0267 0.9988 -0.0419
vn -0.5000 -0.0000 0.8660
vn 0.5000 -0.0000 -0.8660
vn -0.1083 0.9935 -0.0343
vn 0.3580 0.9337 -0.0068
vn -0.1332 0.9490 0.2858
vn 0.0951 0.9693 0.2269
vn -0.0466 0.9845 -0.1690
vn -0.0503 0.9962 0.0706
vn 0.0785 0.9966 -0.0268
vn -0.3167 0.9420 0.1108
vn -0.2421 0.9643 -0.1073
vn 0.1034 0.9819 -0.1584
vn 0.0455 0.9700 -0.2388
vn 0.2093 0.9477 0.2411
vn -0.5000 -0.0000 -0.8660
vt 0.992746 0.009202
vt 0.992746 0.264853
vt 0.869560 0.584417
vt 0.869560 0.009202
vt 0.500000 0.009202
vt 0.500000 0.045494
vt 0.253627 0.264853
vt 0.253627 0.009202
vt 0.130441 0.584417
vt 0.130441 0.009202
vt 0.007254 0.009202
vt 0.007254 0.264853
vt 0.130441 0.045494
vt 0.869560 0.045494
vt 0.684780 0.348899
vt 0.746373 0.337002
vt 0.500000 0.584417
vt 0.746373 0.009202
vt 0.746373 0.264853
vt 0.623186 0.358269
vt 0.500000 0.269254
vt 0.376813 0.420896
vt 0.315220 0.420896
vt 0.500000 0.402318
vt 0.315220 0.269254
vt 0.253627 0.300288
vt 0.684780 0.404099
vt 0.376813 0.401164
vt 0.500000 0.420896
vt 0.623186 0.363244
s 1
f 297/241/297 303/242/303 318/243/318 320/244/320
f 310/245/310 311/246/311 305/247/305 299/248/299
f 299/248/299 305/247/305 315/249/315 316/250/316
f 300/251/300 306/252/306 317/253/317 319/250/319
f 303/242/303 314/254/314 325/255/325 329/256/329
f 301/248/301 307/247/307 313/257/313 312/245/312
f 302/258/302 308/259/308 314/254/314 333/244/333
f 304/259/304 332/260/332 322/261/322 311/246/311
f 305/247/305 330/262/330 321/263/321 315/249/315
f 309/264/309 323/265/323 328/266/328
f 309/264/309 332/260/332 326/267/326
f 307/247/307 324/268/324 327/269/327 313/257/313
f 298/258/298 304/259/304 311/246/311 310/245/310
f 311/246/311 322/261/322 330/262/330 305/247/305
f 312/245/312 313/257/313 308/259/308 302/258/302
f 313/257/313 327/269/327 331/270/331 308/259/308
f 315/249/315 321/263/321 328/266/328 306/252/306
f 309/264/309 325/255/325 331/270/331
f 316/250/316 315/249/315 306/252/306 300/251/300
f 317/253/317 323/265/323 324/268/324 307/247/307
f 318/243/318 303/242/303 329/256/329 326/267/326
f 320/244/320 318/243/318 304/259/304 298/258/298
f 319/250/319 317/253/317 307/247/307 301/248/301
f 330/262/330 322/261/322 309/264/309
f 329/256/329 325/255/325 309/264/309
f 331/270/331 327/269/327 309/264/309
f 322/261/322 332/260/332 309/264/309
f 331/270/331 325/255/325 314/254/314 308/259/308
f 321/263/321 330/262/330 309/264/309
f 327/269/327 324/268/324 309/264/309
f 328/266/328 323/265/323 317/253/317 306/252/306
f 328/266/328 321/263/321 309/264/309
f 324/268/324 323/265/323 309/264/309
f 326/267/326 332/260/332 304/259/304 318/243/318
f 326/267/326 329/256/329 309/264/309
f 333/244/333 314/254/314 303/242/303 297/241/297
o Terrain4.2
v 0.000000 0.000000 -1.000000
v 0.866025 0.000000 -0.500000
v 0.866025 0.000000 0.500000
v 0.000000 0.000000 1.000000
v -0.866025 0.000000 0.500000
v -0.866025 0.000000 -0.500000
v 0.000000 0.200000 -1.000000
v 0.866025 0.700000 -0.500000
v 0.866025 0.200000 0.500000
v 0.000000 0.200000 1.000000
v -0.866025 0.700000 0.500000
v -0.866025 0.200000 -0.500000
v 0.000000 0.432825 0.000000
v 0.866025 0.000000 0.000000
v 0.866025 0.450000 0.000000
v -0.866025 0.000000 0.000000
v -0.866025 0.450000 0.000000
v -0.372784 0.022660 -0.758281
v 0.433013 0.022660 0.750000
v 0.433013 0.000000 0.750000
v -0.433013 0.450000 0.750000
v 0.433013 0.450000 -0.750000
v -0.433013 0.000000 0.750000
v 0.433013 0.000000 -0.750000
v 0.185693 0.369127 0.287715
v 0.433013 0.466808 0.000000
v -0.216506 0.449733 0.375000
v -0.433013 0.449733 0.250000
v -0.216506 0.228537 -0.375000
v 0.216506 0.409318 -0.375000
v -0.433013 0.388858 0.000000
v 0.000000 0.369127 0.500000
v 0.000000 0.246230 -0.500000
v 0.402199 0.392092 0.162715
v -0.433013 0.246230 -0.250000
v 0.433013 0.449733 -0.250000
v -0.433013 0.000000 -0.750000
vn -0.0228 0.0669 -0.9975
vn 0.8660 -0.0000 -0.5000
vn 0.8660 -0.0000 0.5000
vn -0.0000 -0.0000 1.0000
vn -0.8660 -0.0000 0.5000
vn -0.8553 0.0545 -0.5153
vn -0.1910 0.8092 -0.5556
vn 0.0101 0.9999 -0.0074
vn 0.5112 0.7160 0.4754
vn 0.1657 0.6917 0.7030
vn -0.0109 0.9999 0.0049
vn -0.3652 0.8338 -0.4139
vn -0.0291 0.9993 -0.0251
vn 1.0000 -0.0000 -0.0000
vn 0.3376 0.8712 0.3563
vn -1.0000 -0.0000 -0.0000
vn -0.2448 0.8892 -0.3864
vn -0.4809 0.3128 -0.8191
vn 0.4957 0.1470 0.8560
vn 0.5000 -0.0000 0.8660
vn 0.1377 0.8868 0.4411
vn -0.2036 0.8922 -0.4032
vn -0.5000 -0.0000 0.8660
vn 0.5000 -0.0000 -0.8660
vn 0.1424 0.9529 0.2677
vn -0.0808 0.9843 0.1572
vn 0.1571 0.9869 0.0355
vn 0.1157 0.9818 -0.1506
vn -0.1887 0.9260 -0.3269
vn -0.3382 0.9285 -0.1533
vn 0.0276 0.9080 -0.4181
vn 0.2932 0.9314 0.2156
vn -0.3896 0.8937 -0.2224
vn 0.0192 0.9366 0.3499
vn 0.0060 0.9037 -0.4280
vn -0.1872 0.9822 -0.0169
vn -0.4955 0.1019 -0.8626
vt 0.992746 0.009202
vt 0.992746 0.264853
vt 0.869560 0.584417
vt 0.869560 0.009202
vt 0.500000 0.009202
vt 0.500000 0.584417
vt 0.253627 0.264853
vt 0.253627 0.009202
vt 0.130441 0.038167
vt 0.130441 0.009202
vt 0.007254 0.009202
vt 0.007254 0.264853
vt 0.130441 0.584417
vt 0.873640 0.038167
vt 0.684780 0.301330
vt 0.746373 0.323946
vt 0.253627 0.903980
vt 0.746373 0.009202
vt 0.746373 0.264853
vt 0.746373 0.903980
vt 0.623186 0.584076
vt 0.500000 0.605902
vt 0.419823 0.510396
vt 0.358230 0.481041
vt 0.500000 0.562463
vt 0.315220 0.584076
vt 0.253627 0.481041
vt 0.684780 0.532415
vt 0.376813 0.584076
vt 0.500000 0.506262
vt 0.623186 0.323946
s 1
f 334/271/334 340/272/340 355/273/355 357/274/357
f 347/275/347 348/276/348 342/277/342 336/278/336
f 336/278/336 342/277/342 352/279/352 353/280/353
f 337/281/337 343/282/343 354/283/354 356/280/356
f 340/272/340 351/284/351 362/285/362 366/286/366
f 338/278/338 344/287/344 350/276/350 349/275/349
f 339/288/339 345/289/345 351/284/351 370/274/370
f 341/290/341 369/291/369 359/292/359 348/276/348
f 342/277/342 367/293/367 358/294/358 352/279/352
f 346/295/346 360/296/360 365/297/365
f 346/295/346 369/291/369 363/298/363
f 344/287/344 361/299/361 364/300/364 350/276/350
f 335/288/335 341/290/341 348/276/348 347/275/347
f 348/276/348 359/292/359 367/293/367 342/277/342
f 349/275/349 350/276/350 345/289/345 339/288/339
f 350/276/350 364/300/364 368/301/368 345/289/345
f 352/279/352 358/294/358 365/297/365 343/282/343
f 346/295/346 362/285/362 368/301/368
f 353/280/353 352/279/352 343/282/343 337/281/337
f 354/283/354 360/296/360 361/299/361 344/287/344
f 355/273/355 340/272/340 366/286/366 363/298/363
f 357/274/357 355/273/355 341/290/341 335/288/335
f 356/280/356 354/283/354 344/287/344 338/278/338
f 367/293/367 359/292/359 346/295/346
f 366/286/366 362/285/362 346/295/346
f 368/301/368 364/300/364 346/295/346
f 359/292/359 369/291/369 346/295/346
f 368/301/368 362/285/362 351/284/351 345/289/345
f 358/294/358 367/293/367 346/295/346
f 364/300/364 361/299/361 346/295/346
f 365/297/365 360/296/360 354/283/354 343/282/343
f 365/297/365 358/294/358 346/295/346
f 361/299/361 360/296/360 346/295/346
f 363/298/363 369/291/369 341/290/341 355/273/355
f 363/298/363 366/286/366 346/295/346
f 370/274/370 351/284/351 340/272/340 334/271/334
o Terrain4
v 0.000000 0.000000 -1.000000
v 0.866025 0.000000 -0.500000
v 0.866025 0.000000 0.500000
v 0.000000 0.000000 1.000000
v -0.866025 0.000000 0.500000
v -0.866025 0.000000 -0.500000
v 0.000000 0.700000 -1.000000
v 0.866025 0.700000 -0.500000
v 0.866025 0.700000 0.500000
v 0.000000 0.200000 1.000000
v -0.866025 0.017273 0.500000
v -0.866025 0.200000 -0.500000
v 0.000000 0.423073 0.000000
v 0.866025 0.000000 0.000000
v 0.866025 0.700000 0.000000
v -0.866025 0.000000 0.000000
v -0.789422 0.017273 0.000000
v -0.433013 0.450000 -0.750000
v 0.433013 0.450000 0.750000
v 0.433013 0.000000 0.750000
v -0.348719 0.017273 0.717002
v 0.433013 0.700000 -0.750000
v -0.433013 0.000000 0.750000
v 0.433013 0.000000 -0.750000
v 0.216506 0.444296 0.375000
v 0.433013 0.521561 0.000000
v -0.216506 0.153978 0.375000
v -0.433013 0.094704 0.250000
v -0.216506 0.447622 -0.375000
v 0.216506 0.562137 -0.375000
v -0.433013 0.183464 0.000000
v 0.000000 0.342449 0.500000
v 0.000000 0.514109 -0.500000
v 0.433013 0.471528 0.250000
v -0.433013 0.284479 -0.250000
v 0.433013 0.579806 -0.250000
v -0.433013 0.000000 -0.750000
vn -0.0000 -0.0000 -1.0000
vn 0.8660 -0.0000 -0.5000
vn 0.8660 -0.0000 0.5000
vn -0.0702 0.2122 0.9747
vn -0.3219 0.9286 0.1846
vn -0.8795 0.2060 -0.4289
vn -0.0899 0.9933 -0.0722
vn 0.0395 0.9992 0.0025
vn 0.0144 0.9935 0.1128
vn -0.2659 0.7079 0.6544
vn -0.2632 0.9512 0.1608
vn -0.6251 0.7742 -0.0992
vn -0.3008 0.9376 0.1745
vn 1.0000 -0.0000 -0.0000
vn 0.0201 0.9971 0.0730
vn -0.6163 0.7872 0.0204
vn -0.5011 0.8613 0.0836
vn -0.5236 0.8460 -0.1006
vn -0.1556 0.8776 0.4534
vn 0.5000 -0.0000 0.8660
vn -0.3258 0.8552 0.4032
vn -0.0266 0.9990 -0.0357
vn -0.3162 0.7913 0.5234
vn 0.5000 -0.0000 -0.8660
vn -0.2332 0.9698 0.0719
vn -0.3017 0.9412 0.1524
vn -0.4758 0.8438 0.2483
vn -0.2288 0.9616 0.1515
vn -0.2884 0.9274 0.2383
vn -0.2183 0.9443 0.2464
vn -0.4114 0.8579 0.3078
vn -0.4781 0.8582 0.1869
vn -0.2826 0.9325 0.2249
vn -0.2636 0.9605 0.0887
vn -0.4180 0.8518 0.3158
vn -0.2320 0.9586 0.1651
vn -0.5000 -0.0000 -0.8660
vt 0.992746 0.009202
vt 0.992746 0.903980
vt 0.869560 0.903980
vt 0.869560 0.009202
vt 0.500000 0.009202
vt 0.500000 0.903980
vt 0.253627 0.903980
vt 0.253627 0.009202
vt 0.130441 0.584417
vt 0.130441 0.009202
vt 0.007254 0.009202
vt 0.007254 0.264853
vt 0.146700 0.031282
vt 0.869560 0.584417
vt 0.684780 0.581378
vt 0.746373 0.666364
vt 0.253627 0.031282
vt 0.500000 0.031282
vt 0.746373 0.009202
vt 0.746373 0.264853
vt 0.746373 0.903980
vt 0.623186 0.750342
vt 0.500000 0.675890
vt 0.376813 0.611936
vt 0.315220 0.577126
vt 0.500000 0.549997
vt 0.315220 0.206025
vt 0.253627 0.446939
vt 0.684780 0.727756
vt 0.376813 0.130258
vt 0.500000 0.243716
vt 0.623186 0.372839
s 1
f 371/302/371 377/303/377 392/304/392 394/305/394
f 384/306/384 385/307/385 379/308/379 373/309/373
f 373/309/373 379/308/379 389/310/389 390/311/390
f 374/312/374 380/313/380 391/314/391 393/311/393
f 377/303/377 388/315/388 399/316/399 403/317/403
f 375/309/375 381/318/381 387/319/387 386/306/386
f 376/320/376 382/321/382 388/315/388 407/305/407
f 378/322/378 406/323/406 396/324/396 385/307/385
f 379/308/379 404/325/404 395/326/395 389/310/389
f 383/327/383 397/328/397 402/329/402
f 383/327/383 406/323/406 400/330/400
f 381/318/381 398/331/398 401/332/401 387/319/387
f 372/320/372 378/322/378 385/307/385 384/306/384
f 385/307/385 396/324/396 404/325/404 379/308/379
f 386/306/386 387/319/387 382/321/382 376/320/376
f 387/319/387 401/332/401 405/333/405 382/321/382
f 389/310/389 395/326/395 402/329/402 380/313/380
f 383/327/383 399/316/399 405/333/405
f 390/311/390 389/310/389 380/313/380 374/312/374
f 391/314/391 397/328/397 398/331/398 381/318/381
f 392/304/392 377/303/377 403/317/403 400/330/400
f 394/305/394 392/304/392 378/322/378 372/320/372
f 393/311/393 391/314/391 381/318/381 375/309/375
f 404/325/404 396/324/396 383/327/383
f 403/317/403 399/316/399 383/327/383
f 405/333/405 401/332/401 383/327/383
f 396/324/396 406/323/406 383/327/383
f 405/333/405 399/316/399 388/315/388 382/321/382
f 395/326/395 404/325/404 383/327/383
f 401/332/401 398/331/398 383/327/383
f 402/329/402 397/328/397 391/314/391 380/313/380
f 402/329/402 395/326/395 383/327/383
f 398/331/398 397/328/397 383/327/383
f 400/330/400 406/323/406 378/322/378 392/304/392
f 400/330/400 403/317/403 383/327/383
f 407/305/407 388/315/388 377/303/377 371/302/371
o Terrain5
v 0.000000 0.000000 -1.000000
v 0.866025 0.000000 -0.500000
v 0.866025 0.000000 0.500000
v 0.000000 0.000000 1.000000
v -0.866025 0.000000 0.500000
v -0.866025 0.000000 -0.500000
v 0.000000 0.101339 -1.000000
v 0.866025 0.101339 -0.500000
v 0.866025 0.101339 0.500000
v 0.000000 0.051504 1.000000
v -0.866025 0.070423 0.500000
v -0.866025 0.101339 -0.500000
v 0.000000 0.569023 0.000000
v 0.866025 0.000000 0.000000
v 0.866025 0.101339 0.000000
v -0.866025 0.000000 0.000000
v -0.866025 0.071466 0.000000
v -0.433013 0.101339 -0.750000
v 0.433013 0.064544 0.750000
v 0.433013 0.000000 0.750000
v -0.380929 0.017799 0.688287
v 0.433013 0.101339 -0.750000
v -0.433013 0.000000 0.750000
v 0.433013 0.000000 -0.750000
v 0.216506 0.361252 0.375000
v 0.433013 0.440214 0.000000
v -0.216506 0.247311 0.375000
v -0.433013 0.412930 0.250000
v -0.216506 0.631857 -0.375000
v 0.216506 0.457349 -0.375000
v -0.433013 0.520619 0.000000
v 0.000000 0.283934 0.500000
v 0.000000 0.461440 -0.500000
v 0.433013 0.409370 0.250000
v -0.433013 0.563253 -0.250000
v 0.433013 0.440214 -0.250000
v -0.433013 0.000000 -0.750000
vn -0.0000 -0.0000 -1.0000
vn 0.8660 -0.0000 -0.5000
vn 0.8660 -0.0000 0.5000
vn -0.0475 0.5705 0.8199
vn -0.7391 0.4637 0.4885
vn -0.8660 -0.0000 -0.5000
vn 0.0508 0.5193 -0.8531
vn 0.7095 0.5780 -0.4031
vn 0.6052 0.6861 0.4038
vn -0.0877 0.7791 0.6208
vn -0.5278 0.7067 0.4712
vn -0.7595 0.5206 -0.3901
vn 0.0967 0.9889 0.1125
vn 1.0000 -0.0000 -0.0000
vn 0.8359 0.5487 0.0116
vn -1.0000 -0.0000 -0.0000
vn -0.9146 0.4011 0.0514
vn -0.4218 0.4309 -0.7978
vn 0.3510 0.5699 0.7429
vn 0.5000 -0.0000 0.8660
vn -0.3222 0.7495 0.5784
vn 0.4327 0.5229 -0.7344
vn -0.3456 0.7139 0.6091
vn 0.5000 -0.0000 -0.8660
vn 0.0855 0.8519 0.5167
vn 0.3618 0.9305 0.0567
vn -0.2444 0.8048 0.5409
vn -0.2959 0.8446 0.4463
vn -0.0045 0.9997 -0.0255
vn 0.2073 0.9361 -0.2842
vn -0.3010 0.9205 0.2492
vn -0.1116 0.8693 0.4814
vn 0.0845 0.8904 -0.4472
vn 0.3063 0.9092 0.2818
vn -0.2582 0.9660 -0.0119
vn 0.3506 0.9183 -0.1836
vn -0.5000 -0.0000 -0.8660
vt 0.992746 0.009202
vt 0.992746 0.138739
vt 0.869560 0.138739
vt 0.869560 0.009202
vt 0.500000 0.009202
vt 0.500000 0.138739
vt 0.253627 0.138739
vt 0.253627 0.009202
vt 0.130441 0.091706
vt 0.130441 0.009202
vt 0.007254 0.009202
vt 0.007254 0.075037
vt 0.160849 0.031953
vt 0.684780 0.816876
vt 0.746373 0.599039
vt 0.253627 0.099221
vt 0.500000 0.100553
vt 0.746373 0.009202
vt 0.746373 0.138739
vt 0.623186 0.571908
vt 0.500000 0.571908
vt 0.376813 0.532481
vt 0.315220 0.470974
vt 0.500000 0.736558
vt 0.315220 0.325328
vt 0.253627 0.372142
vt 0.684780 0.593810
vt 0.376813 0.537032
vt 0.500000 0.674686
vt 0.623186 0.729183
s 1
f 408/334/408 414/335/414 429/336/429 431/337/431
f 421/338/421 422/339/422 416/340/416 410/341/410
f 410/341/410 416/340/416 426/342/426 427/343/427
f 411/344/411 417/345/417 428/346/428 430/343/430
f 414/335/414 425/336/425 436/347/436 440/348/440
f 412/341/412 418/349/418 424/350/424 423/338/423
f 413/351/413 419/352/419 425/336/425 444/337/444
f 415/352/415 443/353/443 433/354/433 422/339/422
f 416/340/416 441/355/441 432/356/432 426/342/426
f 420/357/420 434/358/434 439/359/439
f 420/357/420 443/353/443 437/360/437
f 418/349/418 435/361/435 438/362/438 424/350/424
f 409/351/409 415/352/415 422/339/422 421/338/421
f 422/339/422 433/354/433 441/355/441 416/340/416
f 423/338/423 424/350/424 419/352/419 413/351/413
f 424/350/424 438/362/438 442/363/442 419/352/419
f 426/342/426 432/356/432 439/359/439 417/345/417
f 420/357/420 436/347/436 442/363/442
f 427/343/427 426/342/426 417/345/417 411/344/411
f 428/346/428 434/358/434 435/361/435 418/349/418
f 429/336/429 414/335/414 440/348/440 437/360/437
f 431/337/431 429/336/429 415/352/415 409/351/409
f 430/343/430 428/346/428 418/349/418 412/341/412
f 441/355/441 433/354/433 420/357/420
f 440/348/440 436/347/436 420/357/420
f 442/363/442 438/362/438 420/357/420
f 433/354/433 443/353/443 420/357/420
f 442/363/442 436/347/436 425/336/425 419/352/419
f 432/356/432 441/355/441 420/357/420
f 438/362/438 435/361/435 420/357/420
f 439/359/439 434/358/434 428/346/428 417/345/417
f 439/359/439 432/356/432 420/357/420
f 435/361/435 434/358/434 420/357/420
f 437/360/437 443/353/443 415/352/415 429/336/429
f 437/360/437 440/348/440 420/357/420
f 444/337/444 425/336/425 414/335/414 408/334/408
o Terrain6
v 0.000000 0.000000 -1.000000
v 0.866025 0.000000 -0.500000
v 0.866025 0.000000 0.500000
v 0.000000 0.000000 1.000000
v -0.866025 0.000000 0.500000
v -0.866025 0.000000 -0.500000
v 0.000000 0.700000 -1.000000
v 0.866025 0.700000 -0.500000
v 0.866025 0.700000 0.500000
v 0.000000 0.700000 1.000000
v -0.866025 0.700000 0.500000
v -0.866025 0.700000 -0.500000
v -0.004704 0.766835 0.061867
v 0.866025 0.000000 0.000000
v 0.866025 0.700000 0.000000
v -0.866025 0.000000 0.000000
v -0.866025 0.700000 0.000000
v -0.433013 0.700000 -0.750000
v 0.433013 0.700000 0.750000
v 0.433013 0.000000 0.750000
v -0.433013 0.700000 0.750000
v 0.433013 0.700000 -0.750000
v -0.433013 0.000000 0.750000
v 0.433013 0.000000 -0.750000
v 0.216506 0.758103 0.375000
v 0.433013 0.719311 0.000000
v -0.216506 0.749835 0.375000
v -0.433013 0.744291 0.250000
v -0.216506 0.767919 -0.375000
v 0.216506 0.719311 -0.375000
v -0.433013 0.719311 0.000000
v 0.000000 0.749835 0.500000
v 0.000000 0.719311 -0.500000
v 0.433013 0.746535 0.250000
v -0.433013 0.767919 -0.250000
v 0.433013 0.758080 -0.250000
v -0.433013 0.000000 -0.750000
vn -0.0000 -0.0000 -1.0000
vn 0.8660 -0.0000 -0.5000
vn 0.8660 -0.0000 0.5000
vn -0.0000 -0.0000 1.0000
vn -0.8660 -0.0000 0.5000
vn -0.8660 -0.0000 -0.5000
vn 0.0187 0.9759 -0.2174
vn 0.1965 0.9739 -0.1135
vn 0.2160 0.9708 0.1040
vn -0.0039 0.9631 0.2692
vn -0.2052 0.9734 0.1024
vn -0.2535 0.9598 -0.1204
vn 0.0054 1.0000 -0.0009
vn 1.0000 -0.0000 -0.0000
vn 0.2331 0.9724 0.0051
vn -1.0000 -0.0000 -0.0000
vn -0.2413 0.9704 0.0099
vn -0.1032 0.9630 -0.2490
vn 0.1345 0.9642 0.2284
vn 0.5000 -0.0000 0.8660
vn -0.1290 0.9678 0.2161
vn 0.0785 0.9809 -0.1781
vn -0.5000 -0.0000 0.8660
vn 0.5000 -0.0000 -0.8660
vn 0.0333 0.9984 0.0456
vn 0.0985 0.9951 0.0067
vn -0.0428 0.9974 0.0574
vn -0.0698 0.9975 0.0049
vn 0.0197 0.9978 -0.0626
vn 0.0132 0.9963 -0.0853
vn -0.1025 0.9947 0.0121
vn -0.0086 0.9970 0.0774
vn 0.0360 0.9968 -0.0713
vn 0.0756 0.9971 -0.0014
vn -0.0663 0.9978 -0.0006
vn 0.0343 0.9992 -0.0224
vn -0.5000 -0.0000 -0.8660
vt 0.992746 0.009202
vt 0.992746 0.903980
vt 0.869560 0.903980
vt 0.869560 0.009202
vt 0.500000 0.009202
vt 0.500000 0.903980
vt 0.253627 0.903980
vt 0.253627 0.009202
vt 0.130441 0.903980
vt 0.130441 0.009202
vt 0.007254 0.009202
vt 0.007254 0.903980
vt 0.684780 0.990798
vt 0.746373 0.928665
vt 0.746373 0.009202
vt 0.746373 0.903980
vt 0.623186 0.978221
vt 0.500000 0.928665
vt 0.376813 0.963465
vt 0.315220 0.978250
vt 0.469516 0.989413
vt 0.315220 0.967683
vt 0.253627 0.967683
vt 0.684780 0.928665
vt 0.376813 0.960596
vt 0.623186 0.990798
s 1
f 445/364/445 451/365/451 466/366/466 468/367/468
f 458/368/458 459/369/459 453/370/453 447/371/447
f 447/371/447 453/370/453 463/372/463 464/373/464
f 448/374/448 454/375/454 465/372/465 467/373/467
f 451/365/451 462/366/462 473/376/473 477/377/477
f 449/371/449 455/370/455 461/369/461 460/368/460
f 450/378/450 456/379/456 462/366/462 481/367/481
f 452/379/452 480/380/480 470/381/470 459/369/459
f 453/370/453 478/382/478 469/383/469 463/372/463
f 457/384/457 471/385/471 476/386/476
f 457/384/457 480/380/480 474/387/474
f 455/370/455 472/388/472 475/381/475 461/369/461
f 446/378/446 452/379/452 459/369/459 458/368/458
f 459/369/459 470/381/470 478/382/478 453/370/453
f 460/368/460 461/369/461 456/379/456 450/378/450
f 461/369/461 475/381/475 479/389/479 456/379/456
f 463/372/463 469/383/469 476/386/476 454/375/454
f 457/384/457 473/376/473 479/389/479
f 464/373/464 463/372/463 454/375/454 448/374/448
f 465/372/465 471/385/471 472/388/472 455/370/455
f 466/366/466 451/365/451 477/377/477 474/387/474
f 468/367/468 466/366/466 452/379/452 446/378/446
f 467/373/467 465/372/465 455/370/455 449/371/449
f 478/382/478 470/381/470 457/384/457
f 477/377/477 473/376/473 457/384/457
f 479/389/479 475/381/475 457/384/457
f 470/381/470 480/380/480 457/384/457
f 479/389/479 473/376/473 462/366/462 456/379/456
f 469/383/469 478/382/478 457/384/457
f 475/381/475 472/388/472 457/384/457
f 476/386/476 471/385/471 465/372/465 454/375/454
f 476/386/476 469/383/469 457/384/457
f 472/388/472 471/385/471 457/384/457
f 474/387/474 480/380/480 452/379/452 466/366/466
f 474/387/474 477/377/477 457/384/457
f 481/367/481 462/366/462 451/365/451 445/364/445
o Cylinder.005
v 10.479450 -0.125000 0.000000
v 10.479450 0.125000 0.000000
v 10.479450 -0.125000 -1.000000
v 10.479450 0.125000 -1.000000
v 11.430507 -0.125000 -0.309017
v 11.430507 0.125000 -0.309017
v 11.067236 -0.125000 0.809017
v 11.067236 0.125000 0.809017
v 9.891665 -0.125000 0.809017
v 9.891665 0.125000 0.809017
v 9.528394 -0.125000 -0.309017
v 9.528394 0.125000 -0.309017
v 11.067236 0.125000 0.996463
v 11.067236 -0.125000 0.996463
v 9.891665 -0.125000 0.996463
v 9.891665 0.125000 0.996463
v 9.697605 0.125000 0.872071
v 9.697605 -0.125000 0.872071
v 9.334333 -0.125000 -0.245963
v 9.334333 0.125000 -0.245963
v 11.615158 0.125000 -0.249020
v 11.615158 -0.125000 -0.249020
v 11.251887 -0.125000 0.869014
v 11.251887 0.125000 0.869014
v 10.608558 -0.125000 -1.177701
v 11.559614 -0.125000 -0.486718
v 11.559614 0.125000 -0.486718
v 10.608558 0.125000 -1.177701
v 10.343033 -0.125000 -1.187763
v 10.343033 0.125000 -1.187763
v 9.391975 0.125000 -0.496780
v 9.391975 -0.125000 -0.496780
v 10.068244 -0.125000 -1.565977
v 10.068244 0.125000 -1.565977
v 9.117188 0.125000 -0.874994
v 9.117188 -0.125000 -0.874994
v 9.452661 -0.125000 -2.413255
v 9.452661 0.125000 -2.413255
v 8.501604 0.125000 -1.722272
v 8.501604 -0.125000 -1.722272
v 10.947798 -0.125000 -1.644626
v 11.898854 -0.125000 -0.953642
v 11.898854 0.125000 -0.953642
v 10.947798 0.125000 -1.644626
v 11.665030 -0.125000 -2.631811
v 12.616087 -0.125000 -1.940828
v 12.616087 0.125000 -1.940828
v 11.665030 0.125000 -2.631811
v 12.052165 0.125000 -0.107028
v 12.052165 -0.125000 -0.107028
v 11.688894 -0.125000 1.011006
v 11.688894 0.125000 1.011006
v 13.291500 0.125000 0.295656
v 13.291500 -0.125000 0.295656
v 12.928228 -0.125000 1.413690
v 12.928228 0.125000 1.413690
v 11.067236 0.125000 1.456644
v 11.067236 -0.125000 1.456644
v 9.891665 -0.125000 1.456644
v 9.891665 0.125000 1.456644
v 11.067236 0.125000 2.992801
v 11.067236 -0.125000 2.992801
v 9.891665 -0.125000 2.992801
v 9.891665 0.125000 2.992801
v 9.251653 0.125000 1.016970
v 9.251653 -0.125000 1.016970
v 8.888381 -0.125000 -0.101064
v 8.888381 0.125000 -0.101064
v 8.019521 0.125000 1.417314
v 8.019521 -0.125000 1.417314
v 7.656250 -0.125000 0.299280
v 7.656250 0.125000 0.299280
vn -0.0000 -1.0000 -0.0000
vn -0.0000 1.0000 -0.0000
vn -0.8090 -0.0000 -0.5878
vn -1.0000 -0.0000 -0.0000
vn 0.8090 -0.0000 -0.5878
vn 1.0000 -0.0000 -0.0000
vn -0.3090 -0.0000 -0.9511
vn 0.3090 -0.0000 0.9511
vn 0.3090 -0.0000 -0.9511
vn -0.3090 -0.0000 0.9511
vn 0.8090 -0.0000 0.5878
vn -0.8090 -0.0000 0.5878
vn -0.5878 -0.0000 -0.8090
vn 0.5878 -0.0000 -0.8090
vn 0.9511 -0.0000 0.3090
vn -0.0000 -0.0000 1.0000
vn -0.9511 -0.0000 0.3090
vt 0.750000 0.250000
vt 0.750000 0.490000
vt 0.978254 0.324164
vt 0.250000 0.250000
vt 0.478254 0.324164
vt 0.250000 0.490000
vt 0.000000 0.500000
vt 0.000000 1.000000
vt 0.891068 0.055836
vt 0.391068 0.055836
vt 0.608932 0.055836
vt 0.108932 0.055836
vt 0.400000 1.000000
vt 0.400000 0.500000
vt 0.521746 0.324164
vt 0.021746 0.324164
vt 0.600000 0.500000
vt 0.600000 1.000000
vt 0.200000 1.000000
vt 0.200000 0.500000
vt 0.800000 0.500000
vt 0.800000 1.000000
vt 1.000000 0.500000
vt 1.000000 1.000000
s 0
f 482/390/482 484/391/482 486/392/482
f 483/393/483 487/394/483 485/395/483
f 484/396/484 485/397/484 509/397/484 506/396/484
f 482/390/482 486/392/482 488/398/482
f 483/393/483 489/399/483 487/394/483
f 487/394/483 489/399/483 505/399/483 502/394/483
f 482/390/482 488/398/482 490/400/482
f 483/393/483 491/401/483 489/399/483
f 491/402/485 490/403/485 496/403/485 497/402/485
f 482/390/482 490/400/482 492/404/482
f 483/393/483 493/405/483 491/401/483
f 491/401/483 493/405/483 501/405/483 498/401/483
f 482/390/482 492/404/482 484/391/482
f 483/393/483 485/395/483 493/405/483
f 485/397/486 484/396/486 510/396/486 511/397/486
f 494/399/483 497/401/483 541/401/483 538/399/483
f 489/399/483 491/401/483 497/401/483 494/399/483
f 490/400/482 488/398/482 495/398/482 496/400/482
f 488/406/487 489/407/487 494/407/487 495/406/487
f 501/408/488 500/409/488 548/409/488 549/408/488
f 492/404/482 490/400/482 499/400/482 500/404/482
f 490/403/489 491/402/489 498/402/489 499/403/489
f 493/408/488 492/409/488 500/409/488 501/408/488
f 502/394/483 505/399/483 533/399/483 530/394/483
f 488/398/482 486/392/482 503/392/482 504/398/482
f 486/410/490 487/411/490 502/411/490 503/410/490
f 489/407/491 488/406/491 504/406/491 505/407/491
f 507/392/482 506/391/482 522/391/482 523/392/482
f 486/392/482 484/391/482 506/391/482 507/392/482
f 487/411/492 486/410/492 507/410/492 508/411/492
f 485/395/483 487/394/483 508/394/483 509/395/483
f 512/405/483 511/395/483 515/395/483 516/405/483
f 493/405/483 485/395/483 511/395/483 512/405/483
f 492/409/493 493/408/493 512/408/493 513/409/493
f 484/391/482 492/404/482 513/404/482 510/391/482
f 514/391/482 517/404/482 521/404/482 518/391/482
f 513/409/493 512/408/493 516/408/493 517/409/493
f 510/391/482 513/404/482 517/404/482 514/391/482
f 511/397/486 510/396/486 514/396/486 515/397/486
f 521/409/494 520/408/494 519/397/494 518/396/494
f 515/397/486 514/396/486 518/396/486 519/397/486
f 516/405/483 515/395/483 519/395/483 520/405/483
f 517/409/493 516/408/493 520/408/493 521/409/493
f 525/395/483 524/394/483 528/394/483 529/395/483
f 508/411/492 507/410/492 523/410/492 524/411/492
f 509/395/483 508/394/483 524/394/483 525/395/483
f 506/396/484 509/397/484 525/397/484 522/396/484
f 526/412/495 529/413/495 528/411/495 527/410/495
f 522/396/484 525/397/484 529/397/484 526/396/484
f 523/392/482 522/391/482 526/391/482 527/392/482
f 524/411/492 523/410/492 527/410/492 528/411/492
f 533/407/491 532/406/491 536/406/491 537/407/491
f 503/410/490 502/411/490 530/411/490 531/410/490
f 505/407/491 504/406/491 532/406/491 533/407/491
f 504/398/482 503/392/482 531/392/482 532/398/482
f 535/410/496 534/411/496 537/407/496 536/406/496
f 532/398/482 531/392/482 535/392/482 536/398/482
f 530/394/483 533/399/483 537/399/483 534/394/483
f 531/410/490 530/411/490 534/411/490 535/410/490
f 538/399/483 541/401/483 545/401/483 542/399/483
f 495/406/487 494/407/487 538/407/487 539/406/487
f 497/402/485 496/403/485 540/403/485 541/402/485
f 496/400/482 495/398/482 539/398/482 540/400/482
f 543/406/497 542/407/497 545/402/497 544/403/497
f 539/406/487 538/407/487 542/407/487 543/406/487
f 541/402/485 540/403/485 544/403/485 545/402/485
f 540/400/482 539/398/482 543/398/482 544/400/482
f 546/401/483 549/405/483 553/405/483 550/401/483
f 500/404/482 499/400/482 547/400/482 548/404/482
f 498/401/483 501/405/483 549/405/483 546/401/483
f 499/403/489 498/402/489 546/402/489 547/403/489
f 551/403/498 550/402/498 553/408/498 552/409/498
f 547/403/489 546/402/489 550/402/489 551/403/489
f 549/408/488 548/409/488 552/409/488 553/408/488
f 548/404/482 547/400/482 551/400/482 552/404/482
o Grid.005
v -0.245103 0.000000 0.589879
v 0.000000 0.000000 1.000000
v 0.245103 0.000000 0.589879
v -0.288299 0.000000 0.416303
v 0.000000 0.000000 0.600000
v 0.288299 0.000000 0.416303
v -0.338167 0.000000 0.162771
v 0.000000 0.000000 0.200000
v 0.338167 0.000000 0.162771
v -0.338167 0.000000 -0.162771
v 0.000000 0.000000 -0.200000
v 0.338167 0.000000 -0.162771
v -0.288299 0.000000 -0.416303
v 0.000000 0.000000 -0.600000
v 0.288299 0.000000 -0.416303
v -0.245103 0.000000 -0.589879
v 0.000000 0.000000 -1.000000
v 0.245103 0.000000 -0.589879
vn -0.0000 1.0000 -0.0000
vt 0.000000 0.000000
vt 0.500000 0.000000
vt 0.500000 0.200000
vt 0.000000 0.200000
vt 1.000000 0.000000
vt 1.000000 0.200000
vt 0.500000 0.400000
vt 0.000000 0.400000
vt 1.000000 0.400000
vt 0.500000 0.600000
vt 0.000000 0.600000
vt 1.000000 0.600000
vt 0.500000 0.800000
vt 0.000000 0.800000
vt 1.000000 0.800000
vt 0.500000 1.000000
vt 0.000000 1.000000
vt 1.000000 1.000000
s 0
f 554/414/499 555/415/499 558/416/499 557/417/499
f 555/415/499 556/418/499 559/419/499 558/416/499
f 557/417/499 558/416/499 561/420/499 560/421/499
f 558/416/499 559/419/499 562/422/499 561/420/499
f 560/421/499 561/420/499 564/423/499 563/424/499
f 561/420/499 562/422/499 565/425/499 564/423/499
f 563/424/499 564/423/499 567/426/499 566/427/499
f 564/423/499 565/425/499 568/428/499 567/426/499
f 566/427/499 567/426/499 570/429/499 569/430/499
f 567/426/499 568/428/499 571/431/499 570/429/499
o PalmTree
v 5.365976 5.970650 -0.785783
v 4.179923 6.098438 0.206572
v 5.633853 5.970650 0.733427
v 5.913332 5.947478 -1.020330
v 5.601625 6.311302 -0.044112
v 6.228419 5.947478 0.766623
v 6.714489 5.899657 -1.320948
v 6.898792 6.211173 -0.272838
v 7.084078 5.899657 0.775100
v 7.649919 5.515889 -1.485890
v 8.048177 5.739628 -0.475505
v 8.019508 5.515889 0.610158
v 8.305790 4.965950 -1.442185
v 9.049778 4.896666 -0.652115
v 8.620878 4.965950 0.344768
v 8.755962 4.579878 -1.383529
v 9.926846 3.740712 -0.806765
v 9.023840 4.579878 0.135681
v 3.666515 6.626461 -1.076321
v 4.257914 6.070174 0.246030
v 5.100219 6.057355 -1.057112
v 3.605573 6.822529 -1.635777
v 4.514557 6.672700 -1.057997
v 5.291951 6.153124 -1.613182
v 3.549682 7.079582 -2.451443
v 4.646665 6.962234 -2.340066
v 5.527758 6.294389 -2.424940
v 3.536926 7.012941 -3.473652
v 4.630990 6.880351 -3.596077
v 5.515001 6.227748 -3.447148
v 3.572946 6.652088 -4.250180
v 4.467533 6.427051 -4.826030
v 5.259324 5.982684 -4.227586
v 3.620284 6.384956 -4.780791
v 4.179541 5.660759 -6.034024
v 5.053988 5.815850 -4.761581
v 4.297433 6.561666 1.578248
v 4.262353 6.058910 0.110655
v 3.126251 6.963099 0.657953
v 4.179943 6.854937 2.083556
v 3.859714 7.082520 1.069559
v 2.802353 7.327117 1.001070
v 3.971171 7.280154 2.797779
v 3.332540 7.793139 2.050422
v 2.355296 7.834009 1.528052
v 3.421855 7.556214 3.617265
v 2.657583 8.132339 3.057343
v 1.805980 8.110069 2.347538
v 2.775012 7.560988 4.179475
v 1.834844 8.100124 4.090322
v 1.397422 8.033169 3.096989
v 2.306720 7.562105 4.548053
v 0.887569 7.754917 5.145260
v 1.135538 7.963538 3.627758
v 3.089395 6.964729 0.472152
v 4.305996 6.046504 0.181348
v 3.514164 6.693428 -0.985835
v 2.639249 7.350757 0.413005
v 3.460849 7.147264 -0.269706
v 3.138879 7.031642 -1.301935
v 1.987648 7.893310 0.288254
v 2.491166 7.935030 -0.698800
v 2.573700 7.518997 -1.723325
v 1.078195 8.232158 -0.039759
v 1.373701 8.351379 -1.101836
v 1.664248 7.857845 -2.051337
v 0.313230 8.217395 -0.425920
v 0.108453 8.396313 -1.478814
v 0.812860 7.898280 -2.140860
v -0.206449 8.192708 -0.716560
v -1.281331 8.128254 -1.833833
v 0.218320 7.921407 -2.174546
v 5.563052 6.006858 0.847990
v 4.191859 6.088046 0.126145
v 4.331032 6.549893 1.600984
v 6.003532 6.070472 1.244320
v 5.062691 6.611176 1.173702
v 4.554384 6.709210 2.130020
v 6.608114 6.164066 1.844513
v 5.808988 6.821315 2.243219
v 4.908302 6.913289 2.883415
v 7.095217 6.032809 2.736150
v 6.407502 6.660037 3.338794
v 5.395405 6.782032 3.775052
v 7.249348 5.734770 3.524773
v 6.858234 6.127343 4.460426
v 5.800200 6.373508 4.410473
v 7.328306 5.531186 4.079269
v 7.184431 5.281656 5.604017
v 6.096286 6.074221 4.832264
v 2.219622 -1.000000 -0.603540
v 2.646390 -1.000000 -0.426767
v 2.823163 -1.000000 0.000001
v 2.646390 -1.000000 0.426769
v 2.219622 -1.000000 0.603542
v 1.792854 -1.000000 0.426769
v 1.616081 -1.000000 0.000001
v 1.792854 -1.000000 -0.426767
v 2.219623 1.000000 -0.872655
v 2.219623 0.882349 -1.000000
v 2.836683 1.000000 -0.617060
v 2.926729 0.882349 -0.707107
v 3.092278 1.000000 0.000000
v 3.219623 0.882349 0.000000
v 2.836683 1.000000 0.617060
v 2.926730 0.882349 0.707107
v 2.219623 1.000000 0.872655
v 2.219623 0.882349 1.000000
v 1.602562 1.000000 0.617060
v 1.512516 0.882349 0.707107
v 1.346968 1.000000 0.000000
v 1.219623 0.882349 0.000000
v 1.602562 1.000000 -0.617060
v 1.512516 0.882349 -0.707107
v 2.159980 0.813057 -0.603540
v 2.576392 0.719612 -0.426767
v 2.748875 0.680906 0.000001
v 2.576392 0.719612 0.426769
v 2.159980 0.813057 0.603542
v 1.743567 0.906502 0.426769
v 1.571084 0.945208 0.000001
v 1.743567 0.906502 -0.426767
v 2.597899 2.764525 -0.872655
v 2.572138 2.649729 -1.000000
v 3.199986 2.629414 -0.617060
v 3.262086 2.494901 -0.707107
v 3.449378 2.573449 0.000000
v 3.547872 2.430769 0.000000
v 3.199986 2.629414 0.617060
v 3.262086 2.494901 0.707107
v 2.597899 2.764525 0.872655
v 2.572138 2.649729 1.000000
v 1.995812 2.899636 0.617060
v 1.882190 2.804556 0.707107
v 1.746420 2.955601 0.000000
v 1.596404 2.868688 0.000000
v 1.995812 2.899636 -0.617060
v 1.882190 2.804556 -0.707107
v 2.610924 2.598270 -0.603540
v 3.014892 2.460643 -0.426767
v 3.182220 2.403636 0.000001
v 3.014892 2.460643 0.426769
v 2.610924 2.598270 0.603542
v 2.206957 2.735898 0.426769
v 2.039628 2.792905 0.000001
v 2.206957 2.735898 -0.426767
v 3.255901 4.491417 -0.872655
v 3.217960 4.380052 -1.000000
v 3.839994 4.292423 -0.617060
v 3.887288 4.152019 -0.707107
v 4.081933 4.209996 0.000000
v 4.164534 4.057564 0.000000
v 3.839994 4.292423 0.617061
v 3.887288 4.152019 0.707107
v 3.255901 4.491417 0.872655
v 3.217960 4.380052 1.000000
v 2.671808 4.690412 0.617060
v 2.548631 4.608086 0.707107
v 2.429869 4.772839 0.000000
v 2.271386 4.702540 0.000000
v 2.671808 4.690412 -0.617060
v 2.548631 4.608085 -0.707107
v 3.257832 4.393581 -0.603540
v 3.638541 4.200730 -0.426767
v 3.796236 4.120849 0.000001
v 3.638541 4.200730 0.426769
v 3.257833 4.393581 0.603542
v 2.877123 4.586432 0.426769
v 2.719428 4.666313 0.000001
v 2.877123 4.586432 -0.426767
v 4.161606 6.177732 -0.872655
v 4.108441 6.072778 -1.000000
v 4.712070 5.898890 -0.617060
v 4.739234 5.753246 -0.707107
v 4.940081 5.783391 0.000000
v 5.000516 5.620891 0.000000
v 4.712070 5.898890 0.617060
v 4.739233 5.753246 0.707107
v 4.161606 6.177732 0.872655
v 4.108441 6.072778 1.000000
v 3.611142 6.456573 0.617060
v 3.477648 6.392310 0.707107
v 3.383132 6.572073 0.000000
v 3.216366 6.524664 0.000000
v 3.611142 6.456573 -0.617060
v 3.477649 6.392310 -0.707107
vn -0.1777 0.9145 -0.3636
vn -0.0426 0.9145 0.4024
vn -0.0132 0.9483 -0.3172
vn 0.0961 0.9483 0.3026
vn 0.3106 0.8949 -0.3206
vn 0.4015 0.8949 0.1950
vn 0.5642 0.7114 -0.4190
vn 0.6735 0.7114 0.2007
vn 0.6373 0.5801 -0.5073
vn 0.7724 0.5801 0.2587
vn -0.0585 0.9198 0.3880
vn 0.6643 0.6329 0.3977
vn 0.0417 0.9665 0.2533
vn 0.6265 0.7343 0.2612
vn 0.1128 0.9914 -0.0660
vn 0.5993 0.7983 -0.0595
vn 0.0338 0.9253 -0.3776
vn 0.6187 0.6932 -0.3698
vn -0.0696 0.8617 -0.5026
vn 0.6532 0.5748 -0.4929
vn 0.8319 0.5258 -0.1774
vn 0.2414 0.7282 -0.6414
vn 0.7386 0.6628 -0.1234
vn 0.2608 0.8265 -0.4988
vn 0.5548 0.8267 0.0934
vn 0.1573 0.9630 -0.2189
vn 0.3995 0.8332 0.3824
vn -0.0782 0.9969 0.0070
vn 0.3533 0.7663 0.5366
vn -0.2372 0.9687 0.0726
vn 0.5864 0.6681 0.4580
vn 0.8006 0.5313 -0.2771
vn 0.5242 0.7806 0.3404
vn 0.6975 0.6699 -0.2544
vn 0.2840 0.9409 0.1846
vn 0.4281 0.8488 -0.3102
vn -0.0371 0.9897 0.1379
vn 0.1361 0.8791 -0.4568
vn -0.2059 0.9633 0.1722
vn 0.0082 0.8265 -0.5629
vn 0.3957 0.6676 -0.6307
vn -0.2254 0.9414 -0.2510
vn 0.4311 0.7596 -0.4870
vn -0.0714 0.9811 -0.1798
vn 0.5651 0.8027 -0.1906
vn 0.1470 0.9870 0.0650
vn 0.7318 0.6786 0.0634
vn 0.2292 0.9001 0.3705
vn 0.8201 0.5532 0.1462
vn 0.1989 0.8270 0.5258
vn -0.0000 -1.0000 -0.0000
vn 0.2706 0.7071 -0.6533
vn 0.6533 0.7071 -0.2706
vn 0.6533 0.7071 0.2706
vn 0.2706 0.7071 0.6533
vn -0.2706 0.7071 0.6533
vn -0.6533 0.7071 0.2706
vn -0.6533 0.7071 -0.2706
vn -0.2706 0.7071 -0.6533
vn -0.0000 1.0000 -0.0000
vn 0.3756 -0.1910 -0.9069
vn -0.3756 -0.1910 -0.9069
vn 0.9069 -0.1910 -0.3756
vn 0.9069 -0.1910 0.3756
vn 0.3756 -0.1910 0.9069
vn -0.3756 -0.1910 0.9069
vn -0.9069 -0.1910 0.3756
vn -0.9069 -0.1910 -0.3756
vn -0.2190 -0.9757 -0.0000
vn 0.4189 0.6307 -0.6533
vn 0.7923 0.5469 -0.2706
vn 0.7923 0.5469 0.2706
vn 0.4189 0.6307 0.6533
vn -0.1092 0.7492 0.6533
vn -0.4826 0.8330 0.2706
vn -0.4826 0.8330 -0.2706
vn -0.1092 0.7492 -0.6533
vn 0.2190 0.9757 -0.0000
vn 0.3247 -0.2686 -0.9069
vn -0.4083 -0.1041 -0.9069
vn 0.8430 -0.3849 -0.3756
vn 0.8430 -0.3849 0.3756
vn 0.3247 -0.2686 0.9069
vn -0.4083 -0.1041 0.9069
vn -0.9267 0.0122 0.3756
vn -0.9267 0.0122 -0.3756
vn -0.3225 -0.9466 -0.0000
vn 0.4842 0.5821 -0.6533
vn 0.8464 0.4587 -0.2706
vn 0.8464 0.4587 0.2706
vn 0.4842 0.5821 0.6533
vn -0.0281 0.7566 0.6533
vn -0.3903 0.8800 0.2706
vn -0.3903 0.8800 -0.2706
vn -0.0281 0.7566 -0.6533
vn 0.3225 0.9466 -0.0000
vn 0.2940 -0.3019 -0.9069
vn -0.4172 -0.0597 -0.9069
vn 0.7968 -0.4733 -0.3756
vn 0.7968 -0.4733 0.3756
vn 0.2940 -0.3019 0.9069
vn -0.4172 -0.0597 0.9069
vn -0.9200 0.1117 0.3756
vn -0.9200 0.1117 -0.3756
vn -0.4519 -0.8921 -0.0000
vn 0.5609 0.5085 -0.6533
vn 0.9023 0.3356 -0.2706
vn 0.9023 0.3356 0.2706
vn 0.5609 0.5085 0.6533
vn 0.0781 0.7531 0.6533
vn -0.2632 0.9260 0.2706
vn -0.2632 0.9260 -0.2706
vn 0.0781 0.7531 -0.6533
vn 0.4519 0.8921 -0.0000
vn 0.2488 -0.3401 -0.9069
vn -0.4214 -0.0006 -0.9069
vn 0.7227 -0.5802 -0.3756
vn 0.7227 -0.5802 0.3756
vn 0.2488 -0.3401 0.9069
vn -0.4214 -0.0006 0.9069
vn -0.8953 0.2394 0.3756
vn -0.8953 0.2394 -0.3756
vt 0.000000 0.000000
vt 0.500000 0.000000
vt 0.500000 0.200000
vt 0.000000 0.200000
vt 1.000000 0.000000
vt 1.000000 0.200000
vt 0.500000 0.400000
vt 0.000000 0.400000
vt 1.000000 0.400000
vt 0.500000 0.600000
vt 0.000000 0.600000
vt 1.000000 0.600000
vt 0.500000 0.800000
vt 0.000000 0.800000
vt 1.000000 0.800000
vt 0.500000 1.000000
vt 0.000000 1.000000
vt 1.000000 1.000000
vt 0.750000 0.490000
vt 0.919706 0.419706
vt 0.990000 0.250000
vt 0.919706 0.080294
vt 0.750000 0.010000
vt 0.580294 0.080294
vt 0.510000 0.250000
vt 0.580294 0.419706
vt 0.419706 0.419706
vt 0.250000 0.490000
vt 0.250000 0.459437
vt 0.398095 0.398095
vt 0.490000 0.250000
vt 0.459437 0.250000
vt 0.419706 0.080294
vt 0.398095 0.101906
vt 0.250000 0.010000
vt 0.250000 0.040563
vt 0.080294 0.080294
vt 0.101906 0.101905
vt 0.010000 0.250000
vt 0.040563 0.250000
vt 0.080294 0.419706
vt 0.101905 0.398095
vt 1.000000 0.500000
vt 1.000000 0.970587
vt 0.875000 0.970587
vt 0.875000 0.500000
vt 0.125000 0.500000
vt 0.125000 0.970587
vt 0.000000 0.970587
vt 0.000000 0.500000
vt 0.750000 0.970587
vt 0.750000 0.500000
vt 0.625000 0.970587
vt 0.625000 0.500000
vt 0.500000 0.970587
vt 0.500000 0.500000
vt 0.375000 0.970587
vt 0.375000 0.500000
vt 0.250000 0.970587
vt 0.250000 0.500000
s 0
f 572/432/500 573/433/500 576/434/500 575/435/500
f 573/433/501 574/436/501 577/437/501 576/434/501
f 575/435/502 576/434/502 579/438/502 578/439/502
f 576/434/503 577/437/503 580/440/503 579/438/503
f 578/439/504 579/438/504 582/441/504 581/442/504
f 579/438/505 580/440/505 583/443/505 582/441/505
f 581/442/506 582/441/506 585/444/506 584/445/506
f 582/441/507 583/443/507 586/446/507 585/444/507
f 584/445/508 585/444/508 588/447/508 587/448/508
f 585/444/509 586/446/509 589/449/509 588/447/509
f 590/432/510 591/433/510 594/434/510 593/435/510
f 591/433/511 592/436/511 595/437/511 594/434/511
f 593/435/512 594/434/512 597/438/512 596/439/512
f 594/434/513 595/437/513 598/440/513 597/438/513
f 596/439/514 597/438/514 600/441/514 599/442/514
f 597/438/515 598/440/515 601/443/515 600/441/515
f 599/442/516 600/441/516 603/444/516 602/445/516
f 600/441/517 601/443/517 604/446/517 603/444/517
f 602/445/518 603/444/518 606/447/518 605/448/518
f 603/444/519 604/446/519 607/449/519 606/447/519
f 608/432/520 609/433/520 612/434/520 611/435/520
f 609/433/521 610/436/521 613/437/521 612/434/521
f 611/435/522 612/434/522 615/438/522 614/439/522
f 612/434/523 613/437/523 616/440/523 615/438/523
f 614/439/524 615/438/524 618/441/524 617/442/524
f 615/438/525 616/440/525 619/443/525 618/441/525
f 617/442/526 618/441/526 621/444/526 620/445/526
f 618/441/527 619/443/527 622/446/527 621/444/527
f 620/445/528 621/444/528 624/447/528 623/448/528
f 621/444/529 622/446/529 625/449/529 624/447/529
f 626/432/530 627/433/530 630/434/530 629/435/530
f 627/433/531 628/436/531 631/437/531 630/434/531
f 629/435/532 630/434/532 633/438/532 632/439/532
f 630/434/533 631/437/533 634/440/533 633/438/533
f 632/439/534 633/438/534 636/441/534 635/442/534
f 633/438/535 634/440/535 637/443/535 636/441/535
f 635/442/536 636/441/536 639/444/536 638/445/536
f 636/441/537 637/443/537 640/446/537 639/444/537
f 638/445/538 639/444/538 642/447/538 641/448/538
f 639/444/539 640/446/539 643/449/539 642/447/539
f 644/432/540 645/433/540 648/434/540 647/435/540
f 645/433/541 646/436/541 649/437/541 648/434/541
f 647/435/542 648/434/542 651/438/542 650/439/542
f 648/434/543 649/437/543 652/440/543 651/438/543
f 650/439/544 651/438/544 654/441/544 653/442/544
f 651/438/545 652/440/545 655/443/545 654/441/545
f 653/442/546 654/441/546 657/444/546 656/445/546
f 654/441/547 655/443/547 658/446/547 657/444/547
f 656/445/548 657/444/548 660/447/548 659/448/548
f 657/444/549 658/446/549 661/449/549 660/447/549
f 662/450/550 663/451/550 664/452/550 665/453/550 666/454/550 667/455/550 668/456/550 669/457/550
f 673/458/551 671/459/551 670/460/551 672/461/551
f 675/462/552 673/458/552 672/461/552 674/463/552
f 677/464/553 675/462/553 674/463/553 676/465/553
f 679/466/554 677/464/554 676/465/554 678/467/554
f 681/468/555 679/466/555 678/467/555 680/469/555
f 683/470/556 681/468/556 680/469/556 682/471/556
f 685/472/557 683/470/557 682/471/557 684/473/557
f 671/459/558 685/472/558 684/473/558 670/460/558
f 672/461/559 670/460/559 684/473/559 682/471/559 680/469/559 678/467/559 676/465/559 674/463/559
f 662/474/560 671/475/560 673/476/560 663/477/560
f 669/478/561 685/479/561 671/480/561 662/481/561
f 663/477/562 673/476/562 675/482/562 664/483/562
f 664/483/563 675/482/563 677/484/563 665/485/563
f 665/485/564 677/484/564 679/486/564 666/487/564
f 666/487/565 679/486/565 681/488/565 667/489/565
f 667/489/566 681/488/566 683/490/566 668/491/566
f 668/491/567 683/490/567 685/479/567 669/478/567
f 686/450/568 687/451/568 688/452/568 689/453/568 690/454/568 691/455/568 692/456/568 693/457/568
f 697/458/569 695/459/569 694/460/569 696/461/569
f 699/462/570 697/458/570 696/461/570 698/463/570
f 701/464/571 699/462/571 698/463/571 700/465/571
f 703/466/572 701/464/572 700/465/572 702/467/572
f 705/468/573 703/466/573 702/467/573 704/469/573
f 707/470/574 705/468/574 704/469/574 706/471/574
f 709/472/575 707/470/575 706/471/575 708/473/575
f 695/459/576 709/472/576 708/473/576 694/460/576
f 696/461/577 694/460/577 708/473/577 706/471/577 704/469/577 702/467/577 700/465/577 698/463/577
f 686/474/578 695/475/578 697/476/578 687/477/578
f 693/478/579 709/479/579 695/480/579 686/481/579
f 687/477/580 697/476/580 699/482/580 688/483/580
f 688/483/581 699/482/581 701/484/581 689/485/581
f 689/485/582 701/484/582 703/486/582 690/487/582
f 690/487/583 703/486/583 705/488/583 691/489/583
f 691/489/584 705/488/584 707/490/584 692/491/584
f 692/491/585 707/490/585 709/479/585 693/478/585
f 710/450/586 711/451/586 712/452/586 713/453/586 714/454/586 715/455/586 716/456/586 717/457/586
f 721/458/587 719/459/587 718/460/587 720/461/587
f 723/462/588 721/458/588 720/461/588 722/463/588
f 725/464/589 723/462/589 722/463/589 724/465/589
f 727/466/590 725/464/590 724/465/590 726/467/590
f 729/468/591 727/466/591 726/467/591 728/469/591
f 731/470/592 729/468/592 728/469/592 730/471/592
f 733/472/593 731/470/593 730/471/593 732/473/593
f 719/459/594 733/472/594 732/473/594 718/460/594
f 720/461/595 718/460/595 732/473/595 730/471/595 728/469/595 726/467/595 724/465/595 722/463/595
f 710/474/596 719/475/596 721/476/596 711/477/596
f 717/478/597 733/479/597 719/480/597 710/481/597
f 711/477/598 721/476/598 723/482/598 712/483/598
f 712/483/599 723/482/599 725/484/599 713/485/599
f 713/485/600 725/484/600 727/486/600 714/487/600
f 714/487/601 727/486/601 729/488/601 715/489/601
f 715/489/602 729/488/602 731/490/602 716/491/602
f 716/491/603 731/490/603 733/479/603 717/478/603
f 734/450/604 735/451/604 736/452/604 737/453/604 738/454/604 739/455/604 740/456/604 741/457/604
f 745/458/605 743/459/605 742/460/605 744/461/605
f 747/462/606 745/458/606 744/461/606 746/463/606
f 749/464/607 747/462/607 746/463/607 748/465/607
f 751/466/608 749/464/608 748/465/608 750/467/608
f 753/468/609 751/466/609 750/467/609 752/469/609
f 755/470/610 753/468/610 752/469/610 754/471/610
f 757/472/611 755/470/611 754/471/611 756/473/611
f 743/459/612 757/472/612 756/473/612 742/460/612
f 744/461/613 742/460/613 756/473/613 754/471/613 752/469/613 750/467/613 748/465/613 746/463/613
f 734/474/614 743/475/614 745/476/614 735/477/614
f 741/478/615 757/479/615 743/480/615 734/481/615
f 735/477/616 745/476/616 747/482/616 736/483/616
f 736/483/617 747/482/617 749/484/617 737/485/617
f 737/485/618 749/484/618 751/486/618 738/487/618
f 738/487/619 751/486/619 753/488/619 739/489/619
f 739/489/620 753/488/620 755/490/620 740/491/620
f 740/491/621 755/490/621 757/479/621 741/478/621
o PalmTree.001
v -1.367215 0.350414 -1.022815
v -1.402797 0.354248 -0.993044
v -1.359179 0.350414 -0.977239
v -1.350795 0.349719 -1.029851
v -1.360146 0.360634 -1.000565
v -1.341342 0.349719 -0.976243
v -1.326760 0.348285 -1.038870
v -1.321231 0.357630 -1.007427
v -1.315672 0.348285 -0.975988
v -1.298697 0.336771 -1.043818
v -1.286749 0.343484 -1.013507
v -1.287609 0.336771 -0.980937
v -1.279021 0.320273 -1.042507
v -1.256701 0.318195 -1.018805
v -1.269568 0.320273 -0.988898
v -1.265516 0.308691 -1.040747
v -1.230389 0.283516 -1.023444
v -1.257479 0.308691 -0.995171
v -1.418199 0.370089 -1.031531
v -1.400457 0.353400 -0.991860
v -1.375188 0.353015 -1.030955
v -1.420027 0.375971 -1.048315
v -1.392758 0.371476 -1.030981
v -1.369436 0.355889 -1.047637
v -1.421704 0.383682 -1.072785
v -1.388795 0.380162 -1.069443
v -1.362362 0.360126 -1.071990
v -1.422087 0.381683 -1.103451
v -1.389265 0.377705 -1.107124
v -1.362745 0.358127 -1.102656
v -1.421006 0.370857 -1.126747
v -1.394169 0.364106 -1.144022
v -1.370415 0.350775 -1.126069
v -1.419586 0.362843 -1.142665
v -1.402808 0.341118 -1.180262
v -1.376575 0.345770 -1.142089
v -1.399272 0.368145 -0.951894
v -1.400324 0.353062 -0.995922
v -1.434407 0.380188 -0.979503
v -1.402796 0.376943 -0.936735
v -1.412403 0.383770 -0.967155
v -1.444124 0.391108 -0.969209
v -1.409059 0.389699 -0.915308
v -1.428218 0.405089 -0.937729
v -1.457536 0.406315 -0.953400
v -1.425539 0.397981 -0.890723
v -1.448467 0.415265 -0.907521
v -1.474015 0.414597 -0.928815
v -1.444944 0.398124 -0.873857
v -1.473149 0.414299 -0.876532
v -1.486272 0.412290 -0.906332
v -1.458993 0.398158 -0.862800
v -1.501567 0.403942 -0.844884
v -1.494128 0.410201 -0.890409
v -1.435513 0.380237 -0.985077
v -1.399015 0.352690 -0.993801
v -1.422770 0.372098 -1.028816
v -1.449017 0.391818 -0.986851
v -1.424369 0.385713 -1.007333
v -1.434028 0.382244 -1.038299
v -1.468565 0.408094 -0.990594
v -1.453460 0.409346 -1.020205
v -1.450984 0.396865 -1.050941
v -1.495849 0.418260 -1.000434
v -1.486984 0.421836 -1.032296
v -1.478267 0.407030 -1.060781
v -1.518798 0.417817 -1.012019
v -1.524941 0.423184 -1.043606
v -1.503809 0.408243 -1.063467
v -1.534388 0.417076 -1.020738
v -1.566634 0.415142 -1.054256
v -1.521645 0.408937 -1.064478
v -1.361303 0.351501 -0.973802
v -1.402439 0.353936 -0.995457
v -1.398264 0.367792 -0.951212
v -1.348089 0.353409 -0.961912
v -1.376314 0.369630 -0.964030
v -1.391563 0.372571 -0.935341
v -1.329951 0.356217 -0.943906
v -1.353925 0.375934 -0.931945
v -1.380945 0.378693 -0.912739
v -1.315338 0.352279 -0.917157
v -1.335969 0.371096 -0.899078
v -1.366332 0.374756 -0.885990
v -1.310714 0.343338 -0.893498
v -1.322448 0.355115 -0.865429
v -1.354189 0.362500 -0.866927
v -1.308345 0.337230 -0.876863
v -1.312662 0.329744 -0.831121
v -1.345306 0.353521 -0.854273
v -1.461606 0.141295 -1.017348
v -1.448803 0.141295 -1.012044
v -1.443500 0.141295 -0.999241
v -1.448803 0.141295 -0.986438
v -1.461606 0.141295 -0.981135
v -1.474409 0.141295 -0.986438
v -1.479712 0.141295 -0.999241
v -1.474409 0.141295 -1.012044
v -1.461606 0.201295 -1.025421
v -1.461606 0.197765 -1.029241
v -1.443094 0.201295 -1.017753
v -1.440393 0.197765 -1.020455
v -1.435426 0.201295 -0.999241
v -1.431606 0.197765 -0.999241
v -1.443094 0.201295 -0.980730
v -1.440393 0.197765 -0.978028
v -1.461606 0.201295 -0.973062
v -1.461606 0.197765 -0.969241
v -1.480118 0.201295 -0.980730
v -1.482819 0.197765 -0.978028
v -1.487786 0.201295 -0.999241
v -1.491606 0.197765 -0.999241
v -1.480118 0.201295 -1.017753
v -1.482819 0.197765 -1.020455
v -1.463395 0.195687 -1.017348
v -1.450903 0.192883 -1.012044
v -1.445728 0.191722 -0.999241
v -1.450903 0.192883 -0.986438
v -1.463395 0.195687 -0.981135
v -1.475888 0.198490 -0.986438
v -1.481062 0.199651 -0.999241
v -1.475888 0.198490 -1.012044
v -1.450258 0.254231 -1.025421
v -1.451030 0.250787 -1.029241
v -1.432195 0.250177 -1.017753
v -1.430332 0.246142 -1.020455
v -1.424713 0.248498 -0.999241
v -1.421758 0.244218 -0.999241
v -1.432195 0.250177 -0.980730
v -1.430332 0.246142 -0.978028
v -1.450258 0.254231 -0.973062
v -1.451030 0.250787 -0.969241
v -1.468320 0.258284 -0.980730
v -1.471729 0.255431 -0.978028
v -1.475802 0.259963 -0.999241
v -1.480302 0.257355 -0.999241
v -1.468320 0.258284 -1.017753
v -1.471729 0.255431 -1.020455
v -1.449867 0.249243 -1.017348
v -1.437748 0.245114 -1.012044
v -1.432728 0.243404 -0.999241
v -1.437748 0.245114 -0.986438
v -1.449867 0.249243 -0.981135
v -1.461986 0.253372 -0.986438
v -1.467006 0.255082 -0.999241
v -1.461986 0.253372 -1.012044
v -1.430518 0.306037 -1.025421
v -1.431656 0.302696 -1.029241
v -1.412995 0.300067 -1.017753
v -1.411576 0.295855 -1.020455
v -1.405737 0.297595 -0.999241
v -1.403259 0.293022 -0.999241
v -1.412995 0.300067 -0.980730
v -1.411576 0.295855 -0.978028
v -1.430518 0.306037 -0.973062
v -1.431656 0.302696 -0.969241
v -1.448040 0.312007 -0.980730
v -1.451736 0.309537 -0.978028
v -1.455299 0.314480 -0.999241
v -1.460053 0.312371 -0.999241
v -1.448040 0.312007 -1.017753
v -1.451736 0.309537 -1.020455
v -1.430460 0.303102 -1.017348
v -1.419038 0.297317 -1.012044
v -1.414307 0.294920 -0.999241
v -1.419038 0.297317 -0.986438
v -1.430460 0.303102 -0.981135
v -1.441881 0.308888 -0.986438
v -1.446612 0.311284 -0.999241
v -1.441881 0.308888 -1.012044
v -1.403346 0.356627 -1.025421
v -1.404941 0.353478 -1.029241
v -1.386832 0.348262 -1.017753
v -1.386018 0.343892 -1.020455
v -1.379992 0.344797 -0.999241
v -1.378179 0.339922 -0.999241
v -1.386832 0.348262 -0.980730
v -1.386018 0.343892 -0.978028
v -1.403346 0.356627 -0.973062
v -1.404941 0.353478 -0.969241
v -1.419860 0.364992 -0.980730
v -1.423865 0.363064 -0.978028
v -1.426701 0.368457 -0.999241
v -1.431704 0.367035 -0.999241
v -1.419860 0.364992 -1.017753
v -1.423865 0.363064 -1.020455
vn -0.1777 0.9145 -0.3636
vn -0.0426 0.9145 0.4024
vn -0.0132 0.9483 -0.3172
vn 0.0961 0.9483 0.3026
vn 0.3106 0.8949 -0.3206
vn 0.4015 0.8949 0.1950
vn 0.5642 0.7114 -0.4190
vn 0.6735 0.7114 0.2007
vn 0.6373 0.5801 -0.5073
vn 0.7724 0.5801 0.2587
vn -0.0585 0.9198 0.3880
vn 0.6643 0.6329 0.3977
vn 0.0417 0.9665 0.2533
vn 0.6265 0.7343 0.2612
vn 0.1128 0.9914 -0.0660
vn 0.5993 0.7983 -0.0595
vn 0.0338 0.9253 -0.3776
vn 0.6187 0.6932 -0.3698
vn -0.0696 0.8617 -0.5026
vn 0.6532 0.5748 -0.4929
vn 0.8319 0.5258 -0.1774
vn 0.2414 0.7282 -0.6414
vn 0.7386 0.6628 -0.1234
vn 0.2608 0.8265 -0.4988
vn 0.5548 0.8267 0.0934
vn 0.1573 0.9630 -0.2189
vn 0.3995 0.8332 0.3824
vn -0.0782 0.9969 0.0070
vn 0.3533 0.7663 0.5366
vn -0.2372 0.9687 0.0726
vn 0.5864 0.6681 0.4580
vn 0.8006 0.5313 -0.2771
vn 0.5242 0.7806 0.3404
vn 0.6975 0.6699 -0.2544
vn 0.2840 0.9409 0.1846
vn 0.4281 0.8488 -0.3102
vn -0.0371 0.9897 0.1379
vn 0.1361 0.8791 -0.4568
vn -0.2059 0.9633 0.1722
vn 0.0082 0.8265 -0.5629
vn 0.3957 0.6676 -0.6307
vn -0.2254 0.9414 -0.2510
vn 0.4311 0.7596 -0.4870
vn -0.0714 0.9811 -0.1798
vn 0.5651 0.8027 -0.1906
vn 0.1470 0.9870 0.0650
vn 0.7318 0.6786 0.0634
vn 0.2292 0.9001 0.3705
vn 0.8201 0.5532 0.1462
vn 0.1989 0.8270 0.5258
vn -0.0000 -1.0000 -0.0000
vn 0.2706 0.7071 -0.6533
vn 0.6533 0.7071 -0.2706
vn 0.6533 0.7071 0.2706
vn 0.2706 0.7071 0.6533
vn -0.2706 0.7071 0.6533
vn -0.6533 0.7071 0.2706
vn -0.6533 0.7071 -0.2706
vn -0.2706 0.7071 -0.6533
vn -0.0000 1.0000 -0.0000
vn 0.3756 -0.1910 -0.9069
vn -0.3756 -0.1910 -0.9069
vn 0.9069 -0.1910 -0.3756
vn 0.9069 -0.1910 0.3756
vn 0.3756 -0.1910 0.9069
vn -0.3756 -0.1910 0.9069
vn -0.9069 -0.1910 0.3756
vn -0.9069 -0.1910 -0.3756
vn -0.2190 -0.9757 -0.0000
vn 0.4189 0.6307 -0.6533
vn 0.7923 0.5469 -0.2706
vn 0.7923 0.5469 0.2706
vn 0.4189 0.6307 0.6533
vn -0.1092 0.7492 0.6533
vn -0.4826 0.8330 0.2706
vn -0.4826 0.8330 -0.2706
vn -0.1092 0.7492 -0.6533
vn 0.2190 0.9757 -0.0000
vn 0.3247 -0.2686 -0.9069
vn -0.4083 -0.1041 -0.9069
vn 0.8430 -0.3849 -0.3756
vn 0.8430 -0.3849 0.3756
vn 0.3247 -0.2686 0.9069
vn -0.4083 -0.1041 0.9069
vn -0.9267 0.0122 0.3756
vn -0.9267 0.0122 -0.3756
vn -0.3225 -0.9466 -0.0000
vn 0.4842 0.5821 -0.6533
vn 0.8464 0.4587 -0.2706
vn 0.8464 0.4587 0.2706
vn 0.4842 0.5821 0.6533
vn -0.0281 0.7566 0.6533
vn -0.3903 0.8800 0.2706
vn -0.3903 0.8800 -0.2706
vn -0.0281 0.7566 -0.6533
vn 0.3225 0.9466 -0.0000
vn 0.2940 -0.3019 -0.9069
vn -0.4172 -0.0597 -0.9069
vn 0.7968 -0.4733 -0.3756
vn 0.7968 -0.4733 0.3756
vn 0.2940 -0.3019 0.9069
vn -0.4172 -0.0597 0.9069
vn -0.9200 0.1117 0.3756
vn -0.9200 0.1117 -0.3756
vn -0.4519 -0.8921 -0.0000
vn 0.5609 0.5085 -0.6533
vn 0.9023 0.3356 -0.2706
vn 0.9023 0.3356 0.2706
vn 0.5609 0.5085 0.6533
vn 0.0781 0.7531 0.6533
vn -0.2632 0.9260 0.2706
vn -0.2632 0.9260 -0.2706
vn 0.0781 0.7531 -0.6533
vn 0.4519 0.8921 -0.0000
vn 0.2488 -0.3401 -0.9069
vn -0.4214 -0.0006 -0.9069
vn 0.7227 -0.5802 -0.3756
vn 0.7227 -0.5802 0.3756
vn 0.2488 -0.3401 0.9069
vn -0.4214 -0.0006 0.9069
vn -0.8953 0.2394 0.3756
vn -0.8953 0.2394 -0.3756
vt 0.000000 0.000000
vt 0.500000 0.000000
vt 0.500000 0.200000
vt 0.000000 0.200000
vt 1.000000 0.000000
vt 1.000000 0.200000
vt 0.500000 0.400000
vt 0.000000 0.400000
vt 1.000000 0.400000
vt 0.500000 0.600000
vt 0.000000 0.600000
vt 1.000000 0.600000
vt 0.500000 0.800000
vt 0.000000 0.800000
vt 1.000000 0.800000
vt 0.500000 1.000000
vt 0.000000 1.000000
vt 1.000000 1.000000
vt 0.750000 0.490000
vt 0.919706 0.419706
vt 0.990000 0.250000
vt 0.919706 0.080294
vt 0.750000 0.010000
vt 0.580294 0.080294
vt 0.510000 0.250000
vt 0.580294 0.419706
vt 0.419706 0.419706
vt 0.250000 0.490000
vt 0.250000 0.459437
vt 0.398095 0.398095
vt 0.490000 0.250000
vt 0.459437 0.250000
vt 0.419706 0.080294
vt 0.398095 0.101906
vt 0.250000 0.010000
vt 0.250000 0.040563
vt 0.080294 0.080294
vt 0.101906 0.101905
vt 0.010000 0.250000
vt 0.040563 0.250000
vt 0.080294 0.419706
vt 0.101905 0.398095
vt 1.000000 0.500000
vt 1.000000 0.970587
vt 0.875000 0.970587
vt 0.875000 0.500000
vt 0.125000 0.500000
vt 0.125000 0.970587
vt 0.000000 0.970587
vt 0.000000 0.500000
vt 0.750000 0.970587
vt 0.750000 0.500000
vt 0.625000 0.970587
vt 0.625000 0.500000
vt 0.500000 0.970587
vt 0.500000 0.500000
vt 0.375000 0.970587
vt 0.375000 0.500000
vt 0.250000 0.970587
vt 0.250000 0.500000
s 0
f 758/492/622 759/493/622 762/494/622 761/495/622
f 759/493/623 760/496/623 763/497/623 762/494/623
f 761/495/624 762/494/624 765/498/624 764/499/624
f 762/494/625 763/497/625 766/500/625 765/498/625
f 764/499/626 765/498/626 768/501/626 767/502/626
f 765/498/627 766/500/627 769/503/627 768/501/627
f 767/502/628 768/501/628 771/504/628 770/505/628
f 768/501/629 769/503/629 772/506/629 771/504/629
f 770/505/630 771/504/630 774/507/630 773/508/630
f 771/504/631 772/506/631 775/509/631 774/507/631
f 776/492/632 777/493/632 780/494/632 779/495/632
f 777/493/633 778/496/633 781/497/633 780/494/633
f 779/495/634 780/494/634 783/498/634 782/499/634
f 780/494/635 781/497/635 784/500/635 783/498/635
f 782/499/636 783/498/636 786/501/636 785/502/636
f 783/498/637 784/500/637 787/503/637 786/501/637
f 785/502/638 786/501/638 789/504/638 788/505/638
f 786/501/639 787/503/639 790/506/639 789/504/639
f 788/505/640 789/504/640 792/507/640 791/508/640
f 789/504/641 790/506/641 793/509/641 792/507/641
f 794/492/642 795/493/642 798/494/642 797/495/642
f 795/493/643 796/496/643 799/497/643 798/494/643
f 797/495/644 798/494/644 801/498/644 800/499/644
f 798/494/645 799/497/645 802/500/645 801/498/645
f 800/499/646 801/498/646 804/501/646 803/502/646
f 801/498/647 802/500/647 805/503/647 804/501/647
f 803/502/648 804/501/648 807/504/648 806/505/648
f 804/501/649 805/503/649 808/506/649 807/504/649
f 806/505/650 807/504/650 810/507/650 809/508/650
f 807/504/651 808/506/651 811/509/651 810/507/651
f 812/492/652 813/493/652 816/494/652 815/495/652
f 813/493/653 814/496/653 817/497/653 816/494/653
f 815/495/654 816/494/654 819/498/654 818/499/654
f 816/494/655 817/497/655 820/500/655 819/498/655
f 818/499/656 819/498/656 822/501/656 821/502/656
f 819/498/657 820/500/657 823/503/657 822/501/657
f 821/502/658 822/501/658 825/504/658 824/505/658
f 822/501/659 823/503/659 826/506/659 825/504/659
f 824/505/660 825/504/660 828/507/660 827/508/660
f 825/504/661 826/506/661 829/509/661 828/507/661
f 830/492/662 831/493/662 834/494/662 833/495/662
f 831/493/663 832/496/663 835/497/663 834/494/663
f 833/495/664 834/494/664 837/498/664 836/499/664
f 834/494/665 835/497/665 838/500/665 837/498/665
f 836/499/666 837/498/666 840/501/666 839/502/666
f 837/498/667 838/500/667 841/503/667 840/501/667
f 839/502/668 840/501/668 843/504/668 842/505/668
f 840/501/669 841/503/669 844/506/669 843/504/669
f 842/505/670 843/504/670 846/507/670 845/508/670
f 843/504/671 844/506/671 847/509/671 846/507/671
f 848/510/672 849/511/672 850/512/672 851/513/672 852/514/672 853/515/672 854/516/672 855/517/672
f 859/518/673 857/519/673 856/520/673 858/521/673
f 861/522/674 859/518/674 858/521/674 860/523/674
f 863/524/675 861/522/675 860/523/675 862/525/675
f 865/526/676 863/524/676 862/525/676 864/527/676
f 867/528/677 865/526/677 864/527/677 866/529/677
f 869/530/678 867/528/678 866/529/678 868/531/678
f 871/532/679 869/530/679 868/531/679 870/533/679
f 857/519/680 871/532/680 870/533/680 856/520/680
f 858/521/681 856/520/681 870/533/681 868/531/681 866/529/681 864/527/681 862/525/681 860/523/681
f 848/534/682 857/535/682 859/536/682 849/537/682
f 855/538/683 871/539/683 857/540/683 848/541/683
f 849/537/684 859/536/684 861/542/684 850/543/684
f 850/543/685 861/542/685 863/544/685 851/545/685
f 851/545/686 863/544/686 865/546/686 852/547/686
f 852/547/687 865/546/687 867/548/687 853/549/687
f 853/549/688 867/548/688 869/550/688 854/551/688
f 854/551/689 869/550/689 871/539/689 855/538/689
f 872/510/690 873/511/690 874/512/690 875/513/690 876/514/690 877/515/690 878/516/690 879/517/690
f 883/518/691 881/519/691 880/520/691 882/521/691
f 885/522/692 883/518/692 882/521/692 884/523/692
f 887/524/693 885/522/693 884/523/693 886/525/693
f 889/526/694 887/524/694 886/525/694 888/527/694
f 891/528/695 889/526/695 888/527/695 890/529/695
f 893/530/696 891/528/696 890/529/696 892/531/696
f 895/532/697 893/530/697 892/531/697 894/533/697
f 881/519/698 895/532/698 894/533/698 880/520/698
f 882/521/699 880/520/699 894/533/699 892/531/699 890/529/699 888/527/699 886/525/699 884/523/699
f 872/534/700 881/535/700 883/536/700 873/537/700
f 879/538/701 895/539/701 881/540/701 872/541/701
f 873/537/702 883/536/702 885/542/702 874/543/702
f 874/543/703 885/542/703 887/544/703 875/545/703
f 875/545/704 887/544/704 889/546/704 876/547/704
f 876/547/705 889/546/705 891/548/705 877/549/705
f 877/549/706 891/548/706 893/550/706 878/551/706
f 878/551/707 893/550/707 895/539/707 879/538/707
f 896/510/708 897/511/708 898/512/708 899/513/708 900/514/708 901/515/708 902/516/708 903/517/708
f 907/518/709 905/519/709 904/520/709 906/521/709
f 909/522/710 907/518/710 906/521/710 908/523/710
f 911/524/711 909/522/711 908/523/711 910/525/711
f 913/526/712 911/524/712 910/525/712 912/527/712
f 915/528/713 913/526/713 912/527/713 914/529/713
f 917/530/714 915/528/714 914/529/714 916/531/714
f 919/532/715 917/530/715 916/531/715 918/533/715
f 905/519/716 919/532/716 918/533/716 904/520/716
f 906/521/717 904/520/717 918/533/717 916/531/717 914/529/717 912/527/717 910/525/717 908/523/717
f 896/534/718 905/535/718 907/536/718 897/537/718
f 903/538/719 919/539/719 905/540/719 896/541/719
f 897/537/720 907/536/720 909/542/720 898/543/720
f 898/543/721 909/542/721 911/544/721 899/545/721
f 899/545/722 911/544/722 913/546/722 900/547/722
f 900/547/723 913/546/723 915/548/723 901/549/723
f 901/549/724 915/548/724 917/550/724 902/551/724
f 902/551/725 917/550/725 919/539/725 903/538/725
f 920/510/726 921/511/726 922/512/726 923/513/726 924/514/726 925/515/726 926/516/726 927/517/726
f 931/518/727 929/519/727 928/520/727 930/521/727
f 933/522/728 931/518/728 930/521/728 932/523/728
f 935/524/729 933/522/729 932/523/729 934/525/729
f 937/526/730 935/524/730 934/525/730 936/527/730
f 939/528/731 937/526/731 936/527/731 938/529/731
f 941/530/732 939/528/732 938/529/732 940/531/732
f 943/532/733 941/530/733 940/531/733 942/533/733
f 929/519/734 943/532/734 942/533/734 928/520/734
f 930/521/735 928/520/735 942/533/735 940/531/735 938/529/735 936/527/735 934/525/735 932/523/735
f 920/534/736 929/535/736 931/536/736 921/537/736
f 927/538/737 943/539/737 929/540/737 920/541/737
f 921/537/738 931/536/738 933/542/738 922/543/738
f 922/543/739 933/542/739 935/544/739 923/545/739
f 923/545/740 935/544/740 937/546/740 924/547/740
f 924/547/741 937/546/741 939/548/741 925/549/741
f 925/549/742 939/548/742 941/550/742 926/551/742
f 926/551/743 941/550/743 943/539/743 927/538/743
o Rock
v -1.763720 0.168230 -1.167421
v -1.875166 0.136273 -1.101995
v -1.981195 0.105870 -1.225467
v -1.875166 0.136273 -1.338264
v -1.758550 0.169712 -1.287721
v -1.846684 0.237487 -1.140403
v -1.942809 0.209924 -1.167088
v -1.974588 0.211930 -1.278039
v -1.846684 0.237487 -1.310531
v -1.806924 0.225722 -1.225467
v -1.877413 0.244381 -1.225467
vn 0.7784 0.6265 0.0412
vn 0.4519 0.2025 0.8688
vn -0.7431 -0.0973 0.6621
vn -0.6520 -0.3037 -0.6947
vn 0.3559 0.1525 -0.9220
vn 0.6661 0.7150 0.2124
vn -0.3522 0.4171 0.8379
vn -0.9421 0.1942 0.2734
vn -0.2937 0.3286 -0.8976
vn 0.6289 0.7540 -0.1897
vn 0.2559 0.9666 -0.0141
vn -0.3191 0.9284 0.1905
vn -0.3739 0.9192 0.1237
vn -0.2327 0.9590 -0.1618
vn 0.2559 0.9666 0.0141
vt 0.272728 0.157461
vt 0.454546 0.157461
vt 0.363637 0.314921
vt 0.090910 0.157461
vt 0.181819 0.314921
vt 0.818182 0.157461
vt 1.000000 0.157461
vt 0.909091 0.314921
vt 0.636364 0.157461
vt 0.727273 0.314921
vt 0.545455 0.314921
vt 0.000000 0.314921
vt 0.272728 0.472382
vt 0.090910 0.472382
vt 0.818182 0.472382
vt 0.636364 0.472382
vt 0.454546 0.472382
s 0
f 944/552/744 948/553/744 953/554/744
f 945/555/745 944/552/745 949/556/745
f 946/557/746 945/558/746 950/559/746
f 947/560/747 946/557/747 951/561/747
f 948/553/748 947/560/748 952/562/748
f 944/552/749 953/554/749 949/556/749
f 945/555/750 949/556/750 950/563/750
f 946/557/751 950/559/751 951/561/751
f 947/560/752 951/561/752 952/562/752
f 948/553/753 952/562/753 953/554/753
f 949/556/754 953/554/754 954/564/754
f 950/563/755 949/556/755 954/565/755
f 951/561/756 950/559/756 954/566/756
f 952/562/757 951/561/757 954/567/757
f 953/554/758 952/562/758 954/568/758
o PalmTree.002
v -2.137488 0.316354 -1.148157
v -2.130967 0.320187 -1.194089
v -2.173957 0.316354 -1.176649
v -2.144983 0.315659 -1.131940
v -2.157630 0.326573 -1.159961
v -2.187879 0.315659 -1.165454
v -2.156810 0.314224 -1.109156
v -2.181958 0.323569 -1.128823
v -2.207125 0.314224 -1.148467
v -2.174354 0.302711 -1.086701
v -2.203515 0.309423 -1.101232
v -2.224669 0.302711 -1.126012
v -2.189853 0.286213 -1.074509
v -2.222300 0.284134 -1.077188
v -2.232749 0.286213 -1.108023
v -2.201067 0.274631 -1.066780
v -2.238749 0.249456 -1.056134
v -2.237535 0.274631 -1.095273
v -2.093768 0.336028 -1.175794
v -2.133497 0.319339 -1.193404
v -2.126117 0.318955 -1.147442
v -2.081179 0.341910 -1.164545
v -2.113042 0.337415 -1.159179
v -2.119229 0.321828 -1.131196
v -2.063559 0.349622 -1.147482
v -2.090251 0.346101 -1.127944
v -2.108191 0.326066 -1.108365
v -2.042755 0.347623 -1.124949
v -2.064689 0.343645 -1.100257
v -2.087387 0.324067 -1.085832
v -2.027970 0.336797 -1.106913
v -2.036355 0.330046 -1.076117
v -2.066020 0.316715 -1.073565
v -2.018374 0.328783 -1.094134
v -2.005685 0.307057 -1.054967
v -2.050723 0.311710 -1.065782
v -2.161121 0.334084 -1.222311
v -2.130879 0.319002 -1.190296
v -2.116537 0.346127 -1.225304
v -2.168646 0.342882 -1.235935
v -2.141151 0.349710 -1.219757
v -2.116203 0.357048 -1.239455
v -2.178328 0.355639 -1.256049
v -2.149088 0.371028 -1.252207
v -2.116815 0.372255 -1.260178
v -2.182532 0.363921 -1.285346
v -2.154253 0.381204 -1.288205
v -2.121019 0.380536 -1.289475
v -2.179397 0.364064 -1.310865
v -2.156647 0.380238 -1.327750
v -2.126955 0.378229 -1.314385
v -2.176355 0.364097 -1.328482
v -2.156705 0.369882 -1.370285
v -2.131771 0.376140 -1.331475
v -2.111985 0.346176 -1.221902
v -2.133271 0.318629 -1.190996
v -2.092188 0.338037 -1.180870
v -2.100762 0.357757 -1.229619
v -2.105375 0.351652 -1.197906
v -2.077476 0.348184 -1.181356
v -2.083731 0.374034 -1.239918
v -2.075143 0.375285 -1.207805
v -2.056416 0.362804 -1.183307
v -2.056871 0.384199 -1.250862
v -2.042139 0.387776 -1.221251
v -2.029556 0.372970 -1.194250
v -2.032065 0.383756 -1.257608
v -2.006364 0.389124 -1.238245
v -2.008778 0.374183 -1.209345
v -2.014644 0.383015 -1.261560
v -1.968253 0.381082 -1.258229
v -1.994847 0.374876 -1.220529
v -2.174678 0.317440 -1.180625
v -2.129618 0.319876 -1.192057
v -2.162327 0.333731 -1.222144
v -2.192455 0.319348 -1.180618
v -2.170062 0.335570 -1.197930
v -2.177926 0.338511 -1.229455
v -2.217982 0.322156 -1.181863
v -2.208169 0.341874 -1.206793
v -2.200940 0.344633 -1.239146
v -2.246740 0.318219 -1.191963
v -2.243505 0.337035 -1.219204
v -2.229698 0.340695 -1.249247
v -2.266007 0.309277 -1.206451
v -2.276069 0.321055 -1.235162
v -2.251478 0.328440 -1.255287
v -2.278898 0.303170 -1.217228
v -2.306298 0.295684 -1.254110
v -2.266546 0.319461 -1.258747
v -2.071001 0.107234 -1.215379
v -2.084064 0.107234 -1.210754
v -2.096572 0.107234 -1.216720
v -2.101198 0.107234 -1.229783
v -2.095232 0.107234 -1.242290
v -2.082169 0.107234 -1.246916
v -2.069661 0.107234 -1.240950
v -2.065035 0.107234 -1.227887
v -2.065599 0.167234 -1.209380
v -2.063042 0.163705 -1.206541
v -2.084486 0.167234 -1.202691
v -2.084687 0.163705 -1.198876
v -2.102571 0.167234 -1.211317
v -2.105411 0.163705 -1.208761
v -2.109260 0.167234 -1.230205
v -2.113075 0.163705 -1.230405
v -2.100634 0.167234 -1.248290
v -2.103190 0.163705 -1.251129
v -2.081746 0.167234 -1.254979
v -2.081546 0.163705 -1.258794
v -2.063661 0.167234 -1.246353
v -2.060822 0.163705 -1.248909
v -2.056973 0.167234 -1.227465
v -2.053157 0.163705 -1.227265
v -2.069671 0.161626 -1.216577
v -2.082503 0.158823 -1.212159
v -2.094916 0.157661 -1.218211
v -2.099637 0.158823 -1.231188
v -2.093902 0.161626 -1.243488
v -2.081070 0.164429 -1.247906
v -2.068658 0.165591 -1.241854
v -2.063936 0.164429 -1.228877
v -2.074032 0.220170 -1.201786
v -2.070901 0.216726 -1.199464
v -2.092586 0.216117 -1.195398
v -2.092163 0.212081 -1.192144
v -2.110533 0.214438 -1.204149
v -2.112729 0.210157 -1.202172
v -2.117360 0.216117 -1.222912
v -2.120552 0.212081 -1.223673
v -2.109067 0.220170 -1.240697
v -2.111049 0.216726 -1.244053
v -2.090513 0.224223 -1.247085
v -2.089788 0.221371 -1.251373
v -2.072567 0.225902 -1.238334
v -2.069222 0.223295 -1.241345
v -2.065740 0.224223 -1.219571
v -2.061399 0.221371 -1.219844
v -2.079725 0.215182 -1.207524
v -2.092279 0.211054 -1.203356
v -2.104577 0.209343 -1.209512
v -2.109413 0.211054 -1.222385
v -2.103956 0.215182 -1.234436
v -2.091401 0.219311 -1.238604
v -2.079103 0.221021 -1.232448
v -2.074267 0.219311 -1.219575
v -2.088702 0.271977 -1.188578
v -2.085300 0.268636 -1.186500
v -2.106855 0.266007 -1.182551
v -2.106102 0.261795 -1.179594
v -2.124635 0.263534 -1.191451
v -2.126477 0.258961 -1.189793
v -2.131628 0.266007 -1.210065
v -2.134490 0.261795 -1.211123
v -2.123737 0.271977 -1.227488
v -2.125448 0.268636 -1.231089
v -2.105584 0.277947 -1.233515
v -2.104646 0.275477 -1.237995
v -2.087804 0.280419 -1.224615
v -2.084270 0.278310 -1.227796
v -2.080811 0.277947 -1.206001
v -2.076257 0.275477 -1.206466
v -2.094147 0.269042 -1.194538
v -2.106183 0.263256 -1.190837
v -2.118266 0.260860 -1.197186
v -2.123317 0.263256 -1.209866
v -2.118378 0.269042 -1.221450
v -2.106342 0.274827 -1.225151
v -2.094259 0.277224 -1.218802
v -2.089208 0.274827 -1.206122
v -2.108894 0.322566 -1.170396
v -2.105152 0.319418 -1.168625
v -2.126297 0.314201 -1.165045
v -2.125095 0.309832 -1.162492
v -2.143767 0.310736 -1.174225
v -2.145114 0.305861 -1.173012
v -2.151071 0.314201 -1.192559
v -2.153484 0.309832 -1.194021
v -2.143929 0.322566 -1.209307
v -2.145300 0.319418 -1.213213
v -2.126526 0.330931 -1.214659
v -2.125358 0.329004 -1.219346
v -2.109056 0.334396 -1.205479
v -2.105338 0.332974 -1.208826
v -2.101753 0.330931 -1.187145
v -2.096969 0.329004 -1.187817
vn 0.3753 0.9145 0.1513
vn -0.2376 0.9145 -0.3276
vn 0.2220 0.9483 0.2269
vn -0.2739 0.9483 -0.1605
vn -0.0163 0.8949 0.4461
vn -0.4289 0.8949 0.1237
vn -0.1390 0.7114 0.6889
vn -0.6348 0.7114 0.3015
vn -0.1342 0.5801 0.8034
vn -0.7471 0.5801 0.3246
vn -0.2161 0.9198 -0.3275
vn -0.7598 0.6329 0.1490
vn -0.2005 0.9665 -0.1604
vn -0.6404 0.7343 0.2251
vn -0.0396 0.9914 0.1245
vn -0.4056 0.7983 0.4453
vn 0.2275 0.9253 0.3033
vn -0.2123 0.6932 0.6888
vn 0.3880 0.8617 0.3269
vn -0.1556 0.5748 0.8034
vn -0.4995 0.5258 0.6885
vn 0.2498 0.7282 0.6382
vn -0.4663 0.6628 0.5859
vn 0.1400 0.8265 0.5452
vn -0.4748 0.8267 0.3018
vn 0.0296 0.9630 0.2680
vn -0.5528 0.8332 -0.0168
vn 0.0535 0.9969 -0.0575
vn -0.6216 0.7663 -0.1623
vn 0.1277 0.9687 -0.2126
vn -0.7423 0.6681 0.0520
vn -0.4096 0.5313 0.7416
vn -0.6173 0.7806 0.0978
vn -0.3481 0.6699 0.6557
vn -0.3346 0.9409 0.0528
vn -0.1106 0.8488 0.5170
vn -0.0647 0.9897 -0.1274
vn 0.2045 0.8791 0.4306
vn 0.0378 0.9633 -0.2658
vn 0.3705 0.8265 0.4238
vn 0.1279 0.6676 0.7335
vn 0.3355 0.9414 0.0357
vn 0.0055 0.7596 0.6504
vn 0.1734 0.9811 0.0858
vn -0.2925 0.8027 0.5197
vn -0.1527 0.9870 0.0501
vn -0.5862 0.6786 0.4426
vn -0.4183 0.9001 -0.1220
vn -0.7073 0.5532 0.4401
vn -0.4997 0.8270 -0.2576
vn -0.0000 -1.0000 -0.0000
vn 0.2360 0.7071 0.6665
vn -0.3044 0.7071 0.6382
vn -0.6665 0.7071 0.2360
vn -0.6382 0.7071 -0.3044
vn -0.2360 0.7071 -0.6665
vn 0.3044 0.7071 -0.6382
vn 0.6665 0.7071 -0.2360
vn 0.6382 0.7071 0.3044
vn -0.0000 1.0000 -0.0000
vn 0.3277 -0.1910 0.9253
vn 0.8860 -0.1910 0.4226
vn -0.4226 -0.1910 0.8860
vn -0.9253 -0.1910 0.3277
vn -0.8860 -0.1910 -0.4226
vn -0.3277 -0.1910 -0.9253
vn 0.4226 -0.1910 -0.8860
vn 0.9253 -0.1910 -0.3277
vn 0.1627 -0.9757 -0.1465
vn 0.1259 0.6307 0.7658
vn -0.4077 0.5469 0.7312
vn -0.7698 0.5469 0.3290
vn -0.7484 0.6307 -0.2052
vn -0.3560 0.7492 -0.5586
vn 0.1776 0.8330 -0.5240
vn 0.5397 0.8330 -0.1218
vn 0.5183 0.7492 0.4124
vn -0.1627 0.9757 0.1465
vn 0.3655 -0.2686 0.8912
vn 0.9103 -0.1041 0.4007
vn -0.3752 -0.3849 0.8433
vn -0.8779 -0.3849 0.2850
vn -0.8481 -0.2686 -0.4567
vn -0.3034 -0.1041 -0.9472
vn 0.4373 0.0122 -0.8992
vn 0.9400 0.0122 -0.3409
vn 0.2397 -0.9466 -0.2158
vn 0.0773 0.5821 0.8095
vn -0.4479 0.4587 0.7675
vn -0.8101 0.4587 0.3653
vn -0.7969 0.5821 -0.1615
vn -0.4162 0.7566 -0.5043
vn 0.1090 0.8800 -0.4623
vn 0.4711 0.8800 -0.0601
vn 0.4580 0.7566 0.4667
vn -0.2397 0.9466 0.2158
vn 0.3884 -0.3019 0.8706
vn 0.9168 -0.0597 0.3948
vn -0.3408 -0.4733 0.8123
vn -0.8435 -0.4733 0.2540
vn -0.8253 -0.3019 -0.4772
vn -0.2968 -0.0597 -0.9531
vn 0.4324 0.1117 -0.8948
vn 0.9351 0.1117 -0.3365
vn 0.3358 -0.8921 -0.3024
vn 0.0203 0.5085 0.8608
vn -0.4895 0.3356 0.8049
vn -0.8516 0.3356 0.4027
vn -0.8540 0.5085 -0.1101
vn -0.4952 0.7531 -0.4332
vn 0.0146 0.9260 -0.3772
vn 0.3767 0.9260 0.0249
vn 0.3791 0.7531 0.5378
vn -0.3358 0.8921 0.3024
vn 0.4219 -0.3401 0.8404
vn 0.9200 -0.0006 0.3920
vn -0.2857 -0.5802 0.7627
vn -0.7884 -0.5802 0.2044
vn -0.7917 -0.3401 -0.5075
vn -0.2936 -0.0006 -0.9559
vn 0.4140 0.2394 -0.8782
vn 0.9167 0.2394 -0.3199
vt 0.000000 0.000000
vt 0.500000 0.000000
vt 0.500000 0.200000
vt 0.000000 0.200000
vt 1.000000 0.000000
vt 1.000000 0.200000
vt 0.500000 0.400000
vt 0.000000 0.400000
vt 1.000000 0.400000
vt 0.500000 0.600000
vt 0.000000 0.600000
vt 1.000000 0.600000
vt 0.500000 0.800000
vt 0.000000 0.800000
vt 1.000000 0.800000
vt 0.500000 1.000000
vt 0.000000 1.000000
vt 1.000000 1.000000
vt 0.750000 0.490000
vt 0.919706 0.419706
vt 0.990000 0.250000
vt 0.919706 0.080294
vt 0.750000 0.010000
vt 0.580294 0.080294
vt 0.510000 0.250000
vt 0.580294 0.419706
vt 0.419706 0.419706
vt 0.250000 0.490000
vt 0.250000 0.459437
vt 0.398095 0.398095
vt 0.490000 0.250000
vt 0.459437 0.250000
vt 0.419706 0.080294
vt 0.398095 0.101906
vt 0.250000 0.010000
vt 0.250000 0.040563
vt 0.080294 0.080294
vt 0.101906 0.101905
vt 0.010000 0.250000
vt 0.040563 0.250000
vt 0.080294 0.419706
vt 0.101905 0.398095
vt 1.000000 0.500000
vt 1.000000 0.970587
vt 0.875000 0.970587
vt 0.875000 0.500000
vt 0.125000 0.500000
vt 0.125000 0.970587
vt 0.000000 0.970587
vt 0.000000 0.500000
vt 0.750000 0.970587
vt 0.750000 0.500000
vt 0.625000 0.970587
vt 0.625000 0.500000
vt 0.500000 0.970587
vt 0.500000 0.500000
vt 0.375000 0.970587
vt 0.375000 0.500000
vt 0.250000 0.970587
vt 0.250000 0.500000
s 0
f 955/569/759 956/570/759 959/571/759 958/572/759
f 956/570/760 957/573/760 960/574/760 959/571/760
f 958/572/761 959/571/761 962/575/761 961/576/761
f 959/571/762 960/574/762 963/577/762 962/575/762
f 961/576/763 962/575/763 965/578/763 964/579/763
f 962/575/764 963/577/764 966/580/764 965/578/764
f 964/579/765 965/578/765 968/581/765 967/582/765
f 965/578/766 966/580/766 969/583/766 968/581/766
f 967/582/767 968/581/767 971/584/767 970/585/767
f 968/581/768 969/583/768 972/586/768 971/584/768
f 973/569/769 974/570/769 977/571/769 976/572/769
f 974/570/770 975/573/770 978/574/770 977/571/770
f 976/572/771 977/571/771 980/575/771 979/576/771
f 977/571/772 978/574/772 981/577/772 980/575/772
f 979/576/773 980/575/773 983/578/773 982/579/773
f 980/575/774 981/577/774 984/580/774 983/578/774
f 982/579/775 983/578/775 986/581/775 985/582/775
f 983/578/776 984/580/776 987/583/776 986/581/776
f 985/582/777 986/581/777 989/584/777 988/585/777
f 986/581/778 987/583/778 990/586/778 989/584/778
f 991/569/779 992/570/779 995/571/779 994/572/779
f 992/570/780 993/573/780 996/574/780 995/571/780
f 994/572/781 995/571/781 998/575/781 997/576/781
f 995/571/782 996/574/782 999/577/782 998/575/782
f 997/576/783 998/575/783 1001/578/783 1000/579/783
f 998/575/784 999/577/784 1002/580/784 1001/578/784
f 1000/579/785 1001/578/785 1004/581/785 1003/582/785
f 1001/578/786 1002/580/786 1005/583/786 1004/581/786
f 1003/582/787 1004/581/787 1007/584/787 1006/585/787
f 1004/581/788 1005/583/788 1008/586/788 1007/584/788
f 1009/569/789 1010/570/789 1013/571/789 1012/572/789
f 1010/570/790 1011/573/790 1014/574/790 1013/571/790
f 1012/572/791 1013/571/791 1016/575/791 1015/576/791
f 1013/571/792 1014/574/792 1017/577/792 1016/575/792
f 1015/576/793 1016/575/793 1019/578/793 1018/579/793
f 1016/575/794 1017/577/794 1020/580/794 1019/578/794
f 1018/579/795 1019/578/795 1022/581/795 1021/582/795
f 1019/578/796 1020/580/796 1023/583/796 1022/581/796
f 1021/582/797 1022/581/797 1025/584/797 1024/585/797
f 1022/581/798 1023/583/798 1026/586/798 1025/584/798
f 1027/569/799 1028/570/799 1031/571/799 1030/572/799
f 1028/570/800 1029/573/800 1032/574/800 1031/571/800
f 1030/572/801 1031/571/801 1034/575/801 1033/576/801
f 1031/571/802 1032/574/802 1035/577/802 1034/575/802
f 1033/576/803 1034/575/803 1037/578/803 1036/579/803
f 1034/575/804 1035/577/804 1038/580/804 1037/578/804
f 1036/579/805 1037/578/805 1040/581/805 1039/582/805
f 1037/578/806 1038/580/806 1041/583/806 1040/581/806
f 1039/582/807 1040/581/807 1043/584/807 1042/585/807
f 1040/581/808 1041/583/808 1044/586/808 1043/584/808
f 1045/587/809 1046/588/809 1047/589/809 1048/590/809 1049/591/809 1050/592/809 1051/593/809 1052/594/809
f 1056/595/810 1054/596/810 1053/597/810 1055/598/810
f 1058/599/811 1056/595/811 1055/598/811 1057/600/811
f 1060/601/812 1058/599/812 1057/600/812 1059/602/812
f 1062/603/813 1060/601/813 1059/602/813 1061/604/813
f 1064/605/814 1062/603/814 1061/604/814 1063/606/814
f 1066/607/815 1064/605/815 1063/606/815 1065/608/815
f 1068/609/816 1066/607/816 1065/608/816 1067/610/816
f 1054/596/817 1068/609/817 1067/610/817 1053/597/817
f 1055/598/818 1053/597/818 1067/610/818 1065/608/818 1063/606/818 1061/604/818 1059/602/818 1057/600/818
f 1045/611/819 1054/612/819 1056/613/819 1046/614/819
f 1052/615/820 1068/616/820 1054/617/820 1045/618/820
f 1046/614/821 1056/613/821 1058/619/821 1047/620/821
f 1047/620/822 1058/619/822 1060/621/822 1048/622/822
f 1048/622/823 1060/621/823 1062/623/823 1049/624/823
f 1049/624/824 1062/623/824 1064/625/824 1050/626/824
f 1050/626/825 1064/625/825 1066/627/825 1051/628/825
f 1051/628/826 1066/627/826 1068/616/826 1052/615/826
f 1069/587/827 1070/588/827 1071/589/827 1072/590/827 1073/591/827 1074/592/827 1075/593/827 1076/594/827
f 1080/595/828 1078/596/828 1077/597/828 1079/598/828
f 1082/599/829 1080/595/829 1079/598/829 1081/600/829
f 1084/601/830 1082/599/830 1081/600/830 1083/602/830
f 1086/603/831 1084/601/831 1083/602/831 1085/604/831
f 1088/605/832 1086/603/832 1085/604/832 1087/606/832
f 1090/607/833 1088/605/833 1087/606/833 1089/608/833
f 1092/609/834 1090/607/834 1089/608/834 1091/610/834
f 1078/596/835 1092/609/835 1091/610/835 1077/597/835
f 1079/598/836 1077/597/836 1091/610/836 1089/608/836 1087/606/836 1085/604/836 1083/602/836 1081/600/836
f 1069/611/837 1078/612/837 1080/613/837 1070/614/837
f 1076/615/838 1092/616/838 1078/617/838 1069/618/838
f 1070/614/839 1080/613/839 1082/619/839 1071/620/839
f 1071/620/840 1082/619/840 1084/621/840 1072/622/840
f 1072/622/841 1084/621/841 1086/623/841 1073/624/841
f 1073/624/842 1086/623/842 1088/625/842 1074/626/842
f 1074/626/843 1088/625/843 1090/627/843 1075/628/843
f 1075/628/844 1090/627/844 1092/616/844 1076/615/844
f 1093/587/845 1094/588/845 1095/589/845 1096/590/845 1097/591/845 1098/592/845 1099/593/845 1100/594/845
f 1104/595/846 1102/596/846 1101/597/846 1103/598/846
f 1106/599/847 1104/595/847 1103/598/847 1105/600/847
f 1108/601/848 1106/599/848 1105/600/848 1107/602/848
f 1110/603/849 1108/601/849 1107/602/849 1109/604/849
f 1112/605/850 1110/603/850 1109/604/850 1111/606/850
f 1114/607/851 1112/605/851 1111/606/851 1113/608/851
f 1116/609/852 1114/607/852 1113/608/852 1115/610/852
f 1102/596/853 1116/609/853 1115/610/853 1101/597/853
f 1103/598/854 1101/597/854 1115/610/854 1113/608/854 1111/606/854 1109/604/854 1107/602/854 1105/600/854
f 1093/611/855 1102/612/855 1104/613/855 1094/614/855
f 1100/615/856 1116/616/856 1102/617/856 1093/618/856
f 1094/614/857 1104/613/857 1106/619/857 1095/620/857
f 1095/620/858 1106/619/858 1108/621/858 1096/622/858
f 1096/622/859 1108/621/859 1110/623/859 1097/624/859
f 1097/624/860 1110/623/860 1112/625/860 1098/626/860
f 1098/626/861 1112/625/861 1114/627/861 1099/628/861
f 1099/628/862 1114/627/862 1116/616/862 1100/615/862
f 1117/587/863 1118/588/863 1119/589/863 1120/590/863 1121/591/863 1122/592/863 1123/593/863 1124/594/863
f 1128/595/864 1126/596/864 1125/597/864 1127/598/864
f 1130/599/865 1128/595/865 1127/598/865 1129/600/865
f 1132/601/866 1130/599/866 1129/600/866 1131/602/866
f 1134/603/867 1132/601/867 1131/602/867 1133/604/867
f 1136/605/868 1134/603/868 1133/604/868 1135/606/868
f 1138/607/869 1136/605/869 1135/606/869 1137/608/869
f 1140/609/870 1138/607/870 1137/608/870 1139/610/870
f 1126/596/871 1140/609/871 1139/610/871 1125/597/871
f 1127/598/872 1125/597/872 1139/610/872 1137/608/872 1135/606/872 1133/604/872 1131/602/872 1129/600/872
f 1117/611/873 1126/612/873 1128/613/873 1118/614/873
f 1124/615/874 1140/616/874 1126/617/874 1117/618/874
f 1118/614/875 1128/613/875 1130/619/875 1119/620/875
f 1119/620/876 1130/619/876 1132/621/876 1120/622/876
f 1120/622/877 1132/621/877 1134/623/877 1121/624/877
f 1121/624/878 1134/623/878 1136/625/878 1122/626/878
f 1122/626/879 1136/625/879 1138/627/879 1123/628/879
f 1123/628/880 1138/627/880 1140/616/880 1124/615/880
o Rock.001
v -1.166299 0.062749 -0.713176
v -1.305376 0.088050 -0.647750
v -1.412906 0.096886 -0.786715
v -1.295669 0.096209 -0.923409
v -1.156908 0.077417 -0.860355
v -1.253657 0.141621 -0.711733
v -1.348344 0.159817 -0.728336
v -1.387202 0.199814 -0.839287
v -1.253457 0.142350 -0.858633
v -1.206169 0.164385 -0.786715
v -1.270424 0.196590 -0.786715
vn 0.8996 0.4251 0.0998
vn 0.4436 0.4775 0.7584
vn -0.7642 0.2223 0.6055
vn -0.7518 -0.1412 -0.6441
vn 0.3956 0.6064 -0.6898
vn 0.5663 0.6173 0.5461
vn 0.0300 0.7543 0.6558
vn -0.7988 0.4196 0.4310
vn 0.2159 0.7233 -0.6559
vn 0.4683 0.7103 -0.5255
vn 0.3917 0.7816 0.4854
vn 0.0537 0.8110 0.5825
vn -0.1460 0.9132 0.3804
vn 0.2651 0.7989 -0.5399
vn 0.3895 0.7772 -0.4942
vt 0.272728 0.157461
vt 0.454546 0.157461
vt 0.363637 0.314921
vt 0.090910 0.157461
vt 0.181819 0.314921
vt 0.818182 0.157461
vt 1.000000 0.157461
vt 0.909091 0.314921
vt 0.636364 0.157461
vt 0.727273 0.314921
vt 0.545455 0.314921
vt 0.000000 0.314921
vt 0.272728 0.472382
vt 0.090910 0.472382
vt 0.818182 0.472382
vt 0.636364 0.472382
vt 0.454546 0.472382
s 0
f 1141/629/881 1145/630/881 1150/631/881
f 1142/632/882 1141/629/882 1146/633/882
f 1143/634/883 1142/635/883 1147/636/883
f 1144/637/884 1143/634/884 1148/638/884
f 1145/630/885 1144/637/885 1149/639/885
f 1141/629/886 1150/631/886 1146/633/886
f 1142/632/887 1146/633/887 1147/640/887
f 1143/634/888 1147/636/888 1148/638/888
f 1144/637/889 1148/638/889 1149/639/889
f 1145/630/890 1149/639/890 1150/631/890
f 1146/633/891 1150/631/891 1151/641/891
f 1147/640/892 1146/633/892 1151/642/892
f 1148/638/893 1147/636/893 1151/643/893
f 1149/639/894 1148/638/894 1151/644/894
f 1150/631/895 1149/639/895 1151/645/895
o Plane
v -2.476579 0.100000 2.907768
v 2.663421 0.100000 2.907768
v -2.476579 0.100000 -30.812229
v 2.663421 0.100000 -30.812229
vn -0.0000 1.0000 -0.0000
vt 0.000000 0.000000
vt 1.000000 0.000000
vt 1.000000 1.000000
vt 0.000000 1.000000
s 0
usemtl Sea
f 1152/646/896 1153/647/896 1155/648/896 1154/649/896
o Terrain6.001
v -17.706942 -0.100000 -27.537796
v -16.840916 -0.100000 -27.037796
v -16.840916 -0.100000 -26.037796
v -17.706942 -0.100000 -25.537796
v -18.572968 -0.100000 -26.037796
v -18.572968 -0.100000 -27.037796
v -17.706942 0.600000 -27.537796
v -16.840916 0.600000 -27.037796
v -16.840916 0.600000 -26.037796
v -17.706942 0.600000 -25.537796
v -18.572968 0.600000 -26.037796
v -18.572968 0.600000 -27.037796
v -17.706942 0.883498 -26.537796
v -16.840916 -0.100000 -26.537796
v -16.840916 0.600000 -26.537796
v -18.572968 -0.100000 -26.537796
v -18.572968 0.600000 -26.537796
v -18.139954 0.600000 -27.287796
v -17.273930 0.600000 -25.787796
v -17.273930 -0.100000 -25.787796
v -18.139954 0.600000 -25.787796
v -17.273930 0.600000 -27.287796
v -18.139954 -0.100000 -25.787796
v -17.273930 -0.100000 -27.287796
v -17.490435 0.732713 -26.162796
v -17.273930 0.693921 -26.537796
v -17.923449 0.724445 -26.162796
v -18.139954 0.718901 -26.287796
v -17.923449 0.742529 -26.912796
v -17.490435 0.693921 -26.912796
v -18.139954 0.693921 -26.537796
v -17.706942 0.724445 -26.037796
v -17.706942 0.693921 -27.037796
v -17.273930 0.771481 -26.287796
v -18.139954 0.742529 -26.787796
v -17.273930 0.732690 -26.787796
v -18.139954 -0.100000 -27.287796
vn 0.5000 -0.0000 -0.8660
vn 1.0000 -0.0000 -0.0000
vn 0.5000 -0.0000 0.8660
vn -0.5000 -0.0000 0.8660
vn -0.0687 0.9672 -0.2444
vn -1.0000 -0.0000 -0.0000
vn -0.5000 -0.0000 -0.8660
vn 0.2663 0.9626 0.0498
vn 0.1297 0.9379 0.3217
vn -0.1724 0.9387 0.2986
vn 0.0767 0.9069 -0.4142
vn -0.2473 0.9684 -0.0323
vn 0.3172 0.9433 -0.0976
vn -0.2795 0.9581 0.0621
vn 0.1318 0.9594 0.2494
vn -0.1548 0.9509 -0.2681
vn -0.1405 0.9632 0.2291
vn 0.1060 0.9773 -0.1836
vn 0.3858 0.8812 -0.2734
vn 0.0052 0.9350 -0.3545
vn -0.3948 0.9019 0.1753
vn 0.3971 0.9069 0.1406
vn -0.1563 0.9499 -0.2708
vn 0.0372 0.9344 0.3542
vn -0.3994 0.9122 -0.0912
vn -0.1381 0.9611 0.2392
vn 0.1373 0.9439 0.3003
vn -0.1904 0.9385 0.2881
vn 0.0900 0.9626 -0.2555
vn 0.2005 0.9161 -0.3473
vt 1.000000 0.500000
vt 1.000000 1.000000
vt 0.916667 1.000000
vt 0.916667 0.500000
vt 0.750000 0.500000
vt 0.750000 1.000000
vt 0.666667 1.000000
vt 0.666667 0.500000
vt 0.583333 1.000000
vt 0.583333 0.500000
vt 0.500000 0.500000
vt 0.500000 1.000000
vt 0.416667 1.000000
vt 0.416667 0.500000
vt 0.250000 0.490000
vt 0.146077 0.430000
vt 0.198038 0.340000
vt 0.250000 0.370000
vt 0.333333 0.500000
vt 0.333333 1.000000
vt 0.250000 1.000000
vt 0.250000 0.500000
vt 0.166667 0.500000
vt 0.166667 1.000000
vt 0.083333 1.000000
vt 0.083333 0.500000
vt 0.457846 0.370000
vt 0.353923 0.310000
vt 0.353923 0.250000
vt 0.457846 0.250000
vt 0.457846 0.130000
vt 0.353923 0.190000
vt 0.301962 0.160000
vt 0.353923 0.070000
vt 0.250000 0.250000
vt 0.198038 0.160000
vt 0.250000 0.130000
vt 0.301962 0.340000
vt 0.042154 0.130000
vt 0.146077 0.190000
vt 0.146077 0.250000
vt 0.042154 0.250000
vt 0.833333 0.500000
vt 0.833333 1.000000
vt 0.146077 0.310000
vt 0.042154 0.370000
vt 0.250000 0.010000
vt 0.146077 0.070000
vt 0.353923 0.430000
vt -0.000000 1.000000
vt -0.000000 0.500000
s 0
f 1156/650/897 1162/651/897 1177/652/897 1179/653/897
f 1169/654/898 1170/655/898 1164/656/898 1158/657/898
f 1158/657/899 1164/656/899 1174/658/899 1175/659/899
f 1159/660/900 1165/661/900 1176/662/900 1178/663/900
f 1162/664/901 1173/665/901 1184/666/901 1188/667/901
f 1160/668/902 1166/669/902 1172/670/902 1171/671/902
f 1161/672/903 1167/673/903 1173/674/903 1192/675/903
f 1163/676/904 1191/677/904 1181/678/904 1170/679/904
f 1164/680/905 1189/681/905 1180/682/905 1174/683/905
f 1168/684/906 1182/685/906 1187/686/906
f 1168/684/907 1191/677/907 1185/687/907
f 1166/688/908 1183/689/908 1186/690/908 1172/691/908
f 1157/692/898 1163/693/898 1170/655/898 1169/654/898
f 1170/679/909 1181/678/909 1189/681/909 1164/680/909
f 1171/671/902 1172/670/902 1167/673/902 1161/672/902
f 1172/691/910 1186/690/910 1190/694/910 1167/695/910
f 1174/683/911 1180/682/911 1187/686/911 1165/696/911
f 1168/684/912 1184/666/912 1190/694/912
f 1175/659/899 1174/658/899 1165/661/899 1159/660/899
f 1176/697/913 1182/685/913 1183/689/913 1166/688/913
f 1177/698/914 1162/664/914 1188/667/914 1185/687/914
f 1179/653/897 1177/652/897 1163/693/897 1157/692/897
f 1178/663/900 1176/662/900 1166/669/900 1160/668/900
f 1189/681/915 1181/678/915 1168/684/915
f 1188/667/916 1184/666/916 1168/684/916
f 1190/694/917 1186/690/917 1168/684/917
f 1181/678/918 1191/677/918 1168/684/918
f 1190/694/919 1184/666/919 1173/665/919 1167/695/919
f 1180/682/920 1189/681/920 1168/684/920
f 1186/690/921 1183/689/921 1168/684/921
f 1187/686/922 1182/685/922 1176/697/922 1165/696/922
f 1187/686/923 1180/682/923 1168/684/923
f 1183/689/924 1182/685/924 1168/684/924
f 1185/687/925 1191/677/925 1163/676/925 1177/698/925
f 1185/687/926 1188/667/926 1168/684/926
f 1192/675/903 1173/674/903 1162/699/903 1156/700/903
o Terrain5.001
v -17.706942 -0.100000 -24.660545
v -16.840916 -0.100000 -24.160545
v -16.840916 -0.100000 -23.160545
v -17.706942 -0.100000 -22.660545
v -18.572968 -0.100000 -23.160545
v -18.572968 -0.100000 -24.160545
v -17.706942 0.600000 -24.660545
v -16.840916 0.600000 -24.160545
v -16.840916 0.600000 -23.160545
v -17.706942 0.100000 -22.660545
v -18.572968 0.100000 -23.160545
v -18.572968 0.600000 -24.160545
v -17.706942 0.449628 -23.660545
v -16.840916 -0.100000 -23.660545
v -16.840916 0.600000 -23.660545
v -18.572968 -0.100000 -23.660545
v -18.572968 0.350000 -23.660545
v -18.139954 0.600000 -24.410545
v -17.273930 0.350000 -22.910545
v -17.273930 -0.100000 -22.910545
v -18.139954 0.100000 -22.910545
v -17.273930 0.600000 -24.410545
v -18.139954 -0.100000 -22.910545
v -17.273930 -0.100000 -24.410545
v -17.490435 0.390248 -23.285545
v -17.273930 0.469210 -23.660545
v -17.923449 0.353625 -23.285545
v -18.139954 0.390248 -23.410545
v -17.923449 0.469210 -24.035545
v -17.490435 0.469210 -24.035545
v -18.139954 0.420619 -23.660545
v -17.706942 0.390248 -23.160545
v -17.706942 0.495357 -24.160545
v -17.273930 0.438366 -23.410545
v -18.139954 0.463253 -23.910545
v -17.273930 0.469210 -23.910545
v -18.139954 -0.100000 -24.410545
vn 0.5000 -0.0000 -0.8660
vn 1.0000 -0.0000 -0.0000
vn 0.5000 -0.0000 0.8660
vn -0.5000 -0.0000 0.8660
vn 0.0974 0.9668 0.2361
vn -1.0000 -0.0000 -0.0000
vn -0.5000 -0.0000 -0.8660
vn -0.2891 0.9573 -0.0000
vn -0.3316 0.9290 0.1642
vn -0.2297 0.9665 0.1148
vn -0.0226 0.9990 0.0391
vn -0.2778 0.8998 0.3364
vn -0.3297 0.9433 0.0388
vn -0.0338 0.9311 0.3633
vn -0.1337 0.9157 0.3789
vn 0.0020 0.9987 0.0510
vn -0.2344 0.8408 0.4881
vn -0.0974 0.9668 0.2361
vn -0.0448 0.9915 0.1223
vn -0.0675 0.9936 0.0909
vn -0.0659 0.9836 0.1677
vn -0.0452 0.9990 -0.0000
vn 0.1420 0.9548 0.2611
vn -0.0955 0.9732 0.2092
vn -0.0664 0.9905 0.1203
vn -0.3055 0.8408 0.4470
vn 0.0679 0.9907 0.1177
vn 0.0155 0.9665 0.2564
vn -0.1446 0.9573 0.2504
vn 0.0675 0.9936 0.0909
vt 1.000000 0.500000
vt 1.000000 1.000000
vt 0.916667 1.000000
vt 0.916667 0.500000
vt 0.750000 0.500000
vt 0.750000 1.000000
vt 0.666667 1.000000
vt 0.666667 0.500000
vt 0.583333 1.000000
vt 0.583333 0.500000
vt 0.500000 0.500000
vt 0.500000 1.000000
vt 0.416667 1.000000
vt 0.416667 0.500000
vt 0.250000 0.490000
vt 0.146077 0.430000
vt 0.198038 0.340000
vt 0.250000 0.370000
vt 0.333333 0.500000
vt 0.333333 1.000000
vt 0.250000 1.000000
vt 0.250000 0.500000
vt 0.166667 0.500000
vt 0.166667 1.000000
vt 0.083333 1.000000
vt 0.083333 0.500000
vt 0.457846 0.370000
vt 0.353923 0.310000
vt 0.353923 0.250000
vt 0.457846 0.250000
vt 0.457846 0.130000
vt 0.353923 0.190000
vt 0.301962 0.160000
vt 0.353923 0.070000
vt 0.250000 0.250000
vt 0.198038 0.160000
vt 0.250000 0.130000
vt 0.301962 0.340000
vt 0.042154 0.130000
vt 0.146077 0.190000
vt 0.146077 0.250000
vt 0.042154 0.250000
vt 0.833333 0.500000
vt 0.833333 1.000000
vt 0.146077 0.310000
vt 0.042154 0.370000
vt 0.250000 0.010000
vt 0.146077 0.070000
vt 0.353923 0.430000
vt -0.000000 1.000000
vt -0.000000 0.500000
s 0
f 1193/701/927 1199/702/927 1214/703/927 1216/704/927
f 1206/705/928 1207/706/928 1201/707/928 1195/708/928
f 1195/708/929 1201/707/929 1211/709/929 1212/710/929
f 1196/711/930 1202/712/930 1213/713/930 1215/714/930
f 1199/715/931 1210/716/931 1221/717/931 1225/718/931
f 1197/719/932 1203/720/932 1209/721/932 1208/722/932
f 1198/723/933 1204/724/933 1210/725/933 1229/726/933
f 1200/727/934 1228/728/934 1218/729/934 1207/730/934
f 1201/731/935 1226/732/935 1217/733/935 1211/734/935
f 1205/735/936 1219/736/936 1224/737/936
f 1205/735/937 1228/728/937 1222/738/937
f 1203/739/938 1220/740/938 1223/741/938 1209/742/938
f 1194/743/928 1200/744/928 1207/706/928 1206/705/928
f 1207/730/939 1218/729/939 1226/732/939 1201/731/939
f 1208/722/932 1209/721/932 1204/724/932 1198/723/932
f 1209/742/940 1223/741/940 1227/745/940 1204/746/940
f 1211/734/941 1217/733/941 1224/737/941 1202/747/941
f 1205/735/942 1221/717/942 1227/745/942
f 1212/710/929 1211/709/929 1202/712/929 1196/711/929
f 1213/748/943 1219/736/943 1220/740/943 1203/739/943
f 1214/749/944 1199/715/944 1225/718/944 1222/738/944
f 1216/704/927 1214/703/927 1200/744/927 1194/743/927
f 1215/714/930 1213/713/930 1203/720/930 1197/719/930
f 1226/732/945 1218/729/945 1205/735/945
f 1225/718/946 1221/717/946 1205/735/946
f 1227/745/947 1223/741/947 1205/735/947
f 1218/729/948 1228/728/948 1205/735/948
f 1227/745/949 1221/717/949 1210/716/949 1204/746/949
f 1217/733/950 1226/732/950 1205/735/950
f 1223/741/951 1220/740/951 1205/735/951
f 1224/737/952 1219/736/952 1213/748/952 1202/747/952
f 1224/737/953 1217/733/953 1205/735/953
f 1220/740/954 1219/736/954 1205/735/954
f 1222/738/955 1228/728/955 1200/727/955 1214/749/955
f 1222/738/956 1225/718/956 1205/735/956
f 1229/726/933 1210/725/933 1199/750/933 1193/751/933
o Terrain4.003
v -17.706942 -0.100000 -19.572691
v -16.840916 -0.100000 -19.072691
v -16.840916 -0.100000 -18.072691
v -17.706942 -0.100000 -17.572691
v -18.572968 -0.100000 -18.072691
v -18.572968 -0.100000 -19.072691
v -17.706942 0.100000 -19.572691
v -16.840916 0.600000 -19.072691
v -16.840916 0.100000 -18.072691
v -17.706942 0.100000 -17.572691
v -18.572968 0.600000 -18.072691
v -18.572968 0.100000 -19.072691
v -17.706942 0.332825 -18.572691
v -16.840916 -0.100000 -18.572691
v -16.840916 0.350000 -18.572691
v -18.572968 -0.100000 -18.572691
v -18.572968 0.350000 -18.572691
v -18.139954 0.100000 -19.322691
v -17.273930 0.100000 -17.822691
v -17.273930 -0.100000 -17.822691
v -18.139954 0.350000 -17.822691
v -17.273930 0.350000 -19.322691
v -18.139954 -0.100000 -17.822691
v -17.273930 -0.100000 -19.322691
v -17.490435 0.269127 -18.197691
v -17.273930 0.366808 -18.572691
v -17.923449 0.349733 -18.197691
v -18.139954 0.349733 -18.322691
v -17.923449 0.251434 -18.947691
v -17.490435 0.309318 -18.947691
v -18.139954 0.288859 -18.572691
v -17.706942 0.269127 -18.072691
v -17.706942 0.269127 -19.072691
v -17.273930 0.292092 -18.322691
v -18.139954 0.269127 -18.822691
v -17.273930 0.349733 -18.822691
v -18.139954 -0.100000 -19.322691
vn 0.5000 -0.0000 -0.8660
vn 1.0000 -0.0000 -0.0000
vn 0.5000 -0.0000 0.8660
vn -0.5000 -0.0000 0.8660
vn -0.1954 0.9355 -0.2944
vn -1.0000 -0.0000 -0.0000
vn -0.5000 -0.0000 -0.8660
vn -0.1693 0.9412 0.2923
vn 0.1715 0.9197 0.3533
vn 0.2841 0.9511 0.1212
vn -0.1113 0.9858 -0.1260
vn 0.2164 0.9019 -0.3738
vn 0.1061 0.9125 0.3951
vn -0.0196 0.9408 -0.3384
vn 0.1819 0.9315 0.3151
vn -0.0321 0.9804 -0.1943
vn 0.3595 0.9332 -0.0005
vn -0.2953 0.9321 -0.2099
vn -0.0750 0.9554 0.2855
vn -0.1522 0.9804 -0.1249
vn -0.1007 0.9918 -0.0783
vn -0.0781 0.9946 -0.0679
vn -0.1572 0.9355 -0.3164
vn -0.0059 0.9853 0.1708
vn -0.0982 0.9669 -0.2354
vn 0.3177 0.9133 0.2549
vn 0.0728 0.9894 0.1260
vn 0.0195 0.9992 -0.0338
vn -0.4084 0.9128 0.0005
vn -0.1105 0.9859 -0.1256
vt 1.000000 0.500000
vt 1.000000 1.000000
vt 0.916667 1.000000
vt 0.916667 0.500000
vt 0.750000 0.500000
vt 0.750000 1.000000
vt 0.666667 1.000000
vt 0.666667 0.500000
vt 0.583333 1.000000
vt 0.583333 0.500000
vt 0.500000 0.500000
vt 0.500000 1.000000
vt 0.416667 1.000000
vt 0.416667 0.500000
vt 0.250000 0.490000
vt 0.146077 0.430000
vt 0.198038 0.340000
vt 0.250000 0.370000
vt 0.333333 0.500000
vt 0.333333 1.000000
vt 0.250000 1.000000
vt 0.250000 0.500000
vt 0.166667 0.500000
vt 0.166667 1.000000
vt 0.083333 1.000000
vt 0.083333 0.500000
vt 0.457846 0.370000
vt 0.353923 0.310000
vt 0.353923 0.250000
vt 0.457846 0.250000
vt 0.457846 0.130000
vt 0.353923 0.190000
vt 0.301962 0.160000
vt 0.353923 0.070000
vt 0.250000 0.250000
vt 0.198038 0.160000
vt 0.250000 0.130000
vt 0.301962 0.340000
vt 0.042154 0.130000
vt 0.146077 0.190000
vt 0.146077 0.250000
vt 0.042154 0.250000
vt 0.833333 0.500000
vt 0.833333 1.000000
vt 0.146077 0.310000
vt 0.042154 0.370000
vt 0.250000 0.010000
vt 0.146077 0.070000
vt 0.353923 0.430000
vt -0.000000 1.000000
vt -0.000000 0.500000
s 0
f 1230/752/957 1236/753/957 1251/754/957 1253/755/957
f 1243/756/958 1244/757/958 1238/758/958 1232/759/958
f 1232/759/959 1238/758/959 1248/760/959 1249/761/959
f 1233/762/960 1239/763/960 1250/764/960 1252/765/960
f 1236/766/961 1247/767/961 1258/768/961 1262/769/961
f 1234/770/962 1240/771/962 1246/772/962 1245/773/962
f 1235/774/963 1241/775/963 1247/776/963 1266/777/963
f 1237/778/964 1265/779/964 1255/780/964 1244/781/964
f 1238/782/965 1263/783/965 1254/784/965 1248/785/965
f 1242/786/966 1256/787/966 1261/788/966
f 1242/786/967 1265/779/967 1259/789/967
f 1240/790/968 1257/791/968 1260/792/968 1246/793/968
f 1231/794/958 1237/795/958 1244/757/958 1243/756/958
f 1244/781/969 1255/780/969 1263/783/969 1238/782/969
f 1245/773/962 1246/772/962 1241/775/962 1235/774/962
f 1246/793/970 1260/792/970 1264/796/970 1241/797/970
f 1248/785/971 1254/784/971 1261/788/971 1239/798/971
f 1242/786/972 1258/768/972 1264/796/972
f 1249/761/959 1248/760/959 1239/763/959 1233/762/959
f 1250/799/973 1256/787/973 1257/791/973 1240/790/973
f 1251/800/974 1236/766/974 1262/769/974 1259/789/974
f 1253/755/957 1251/754/957 1237/795/957 1231/794/957
f 1252/765/960 1250/764/960 1240/771/960 1234/770/960
f 1263/783/975 1255/780/975 1242/786/975
f 1262/769/976 1258/768/976 1242/786/976
f 1264/796/977 1260/792/977 1242/786/977
f 1255/780/978 1265/779/978 1242/786/978
f 1264/796/979 1258/768/979 1247/767/979 1241/797/979
f 1254/784/980 1263/783/980 1242/786/980
f 1260/792/981 1257/791/981 1242/786/981
f 1261/788/982 1256/787/982 1250/799/982 1239/798/982
f 1261/788/983 1254/784/983 1242/786/983
f 1257/791/984 1256/787/984 1242/786/984
f 1259/789/985 1265/779/985 1237/778/985 1251/800/985
f 1259/789/986 1262/769/986 1242/786/986
f 1266/777/963 1247/776/963 1236/801/963 1230/802/963
o Terrain4.004
v -17.685461 -0.100000 -6.064594
v -16.819435 -0.100000 -5.564594
v -16.819435 -0.100000 -4.564594
v -17.685461 -0.100000 -4.064594
v -18.551487 -0.100000 -4.564594
v -18.551487 -0.100000 -5.564594
v -17.685461 0.600000 -6.064594
v -16.819435 0.600000 -5.564594
v -16.819435 0.100000 -4.564594
v -17.685461 0.100000 -4.064594
v -18.551487 0.100000 -4.564594
v -18.551487 0.100000 -5.564594
v -17.685461 0.192164 -5.064593
v -16.819435 -0.100000 -5.064594
v -16.819435 0.350000 -5.064594
v -18.551487 -0.100000 -5.064594
v -18.551487 0.100000 -5.064594
v -18.118473 0.350000 -5.814594
v -17.252449 0.100000 -4.314594
v -17.252449 -0.100000 -4.314594
v -18.118473 0.350000 -4.314594
v -17.252449 0.600000 -5.814594
v -18.118473 -0.100000 -4.314594
v -17.252449 -0.100000 -5.814594
v -17.468954 0.192164 -4.689593
v -17.252449 0.245255 -5.064593
v -17.901968 0.192164 -4.689593
v -18.118473 0.192164 -4.814593
v -17.901968 0.221121 -5.439593
v -17.468954 0.325045 -5.439593
v -18.118473 0.192164 -5.064593
v -17.685461 0.192164 -4.564593
v -17.685461 0.325045 -5.564593
v -17.252449 0.177640 -4.814593
v -18.118473 0.221121 -5.314593
v -17.252449 0.325045 -5.314593
v -18.118473 -0.100000 -5.814594
vn 0.5000 -0.0000 -0.8660
vn 1.0000 -0.0000 -0.0000
vn 0.5000 -0.0000 0.8660
vn -0.5000 -0.0000 0.8660
vn -0.2111 0.8666 0.4522
vn -1.0000 -0.0000 -0.0000
vn -0.5000 -0.0000 -0.8660
vn -0.2742 0.8803 0.3871
vn 0.1100 0.9822 0.1525
vn -0.0000 1.0000 -0.0000
vn -0.1467 0.9560 0.2541
vn -0.2082 0.9781 -0.0000
vn -0.1400 0.9118 0.3861
vn -0.2491 0.9678 0.0374
vn 0.1041 0.9781 0.1803
vn 0.0334 0.9978 0.0578
vn -0.1897 0.9363 -0.2956
vn -0.2680 0.8442 0.4642
vn -0.1175 0.9586 0.2593
vn -0.3010 0.9216 0.2449
vn -0.0000 0.9934 0.1151
vn -0.1160 0.9462 0.3020
vn -0.2229 0.9440 0.2433
vn 0.0502 0.9983 -0.0290
vn 0.3508 0.9363 0.0165
vt 1.000000 0.500000
vt 1.000000 1.000000
vt 0.916667 1.000000
vt 0.916667 0.500000
vt 0.750000 0.500000
vt 0.750000 1.000000
vt 0.666667 1.000000
vt 0.666667 0.500000
vt 0.583333 1.000000
vt 0.583333 0.500000
vt 0.500000 0.500000
vt 0.500000 1.000000
vt 0.416667 1.000000
vt 0.416667 0.500000
vt 0.250000 0.490000
vt 0.146077 0.430000
vt 0.198038 0.340000
vt 0.250000 0.370000
vt 0.333333 0.500000
vt 0.333333 1.000000
vt 0.250000 1.000000
vt 0.250000 0.500000
vt 0.166667 0.500000
vt 0.166667 1.000000
vt 0.083333 1.000000
vt 0.083333 0.500000
vt 0.457846 0.370000
vt 0.353923 0.310000
vt 0.353923 0.250000
vt 0.457846 0.250000
vt 0.457846 0.130000
vt 0.353923 0.190000
vt 0.301962 0.160000
vt 0.353923 0.070000
vt 0.250000 0.250000
vt 0.198038 0.160000
vt 0.250000 0.130000
vt 0.301962 0.340000
vt 0.042154 0.130000
vt 0.146077 0.190000
vt 0.146077 0.250000
vt 0.042154 0.250000
vt 0.833333 0.500000
vt 0.833333 1.000000
vt 0.146077 0.310000
vt 0.042154 0.370000
vt 0.250000 0.010000
vt 0.146077 0.070000
vt 0.353923 0.430000
vt -0.000000 1.000000
vt -0.000000 0.500000
s 0
f 1267/803/987 1273/804/987 1288/805/987 1290/806/987
f 1280/807/988 1281/808/988 1275/809/988 1269/810/988
f 1269/810/989 1275/809/989 1285/811/989 1286/812/989
f 1270/813/990 1276/814/990 1287/815/990 1289/816/990
f 1273/817/991 1284/818/991 1295/819/991 1299/820/991
f 1271/821/992 1277/822/992 1283/823/992 1282/824/992
f 1272/825/993 1278/826/993 1284/827/993 1303/828/993
f 1274/829/994 1302/830/994 1292/831/994 1281/832/994
f 1275/833/995 1300/834/995 1291/835/995 1285/836/995
f 1279/837/996 1293/838/996 1298/839/996
f 1279/837/997 1302/830/997 1296/840/997
f 1277/841/998 1294/842/998 1297/843/998 1283/844/998
f 1268/845/988 1274/846/988 1281/808/988 1280/807/988
f 1281/832/999 1292/831/999 1300/834/999 1275/833/999
f 1282/824/992 1283/823/992 1278/826/992 1272/825/992
f 1283/844/1000 1297/843/1000 1301/847/1000 1278/848/1000
f 1285/836/1001 1291/835/1001 1298/839/1001 1276/849/1001
f 1279/837/1002 1295/819/1002 1301/847/1002
f 1286/812/989 1285/811/989 1276/814/989 1270/813/989
f 1287/850/1003 1293/838/1003 1294/842/1003 1277/841/1003
f 1288/851/1004 1273/817/1004 1299/820/1004 1296/840/1004
f 1290/806/987 1288/805/987 1274/846/987 1268/845/987
f 1289/816/990 1287/815/990 1277/822/990 1271/821/990
f 1300/834/1005 1292/831/1005 1279/837/1005
f 1299/820/1006 1295/819/1006 1279/837/1006
f 1301/847/1007 1297/843/1007 1279/837/1007
f 1292/831/1008 1302/830/1008 1279/837/1008
f 1301/847/1009 1295/819/1009 1284/818/1009 1278/848/1009
f 1291/835/1010 1300/834/1010 1279/837/1010
f 1297/843/996 1294/842/996 1279/837/996
f 1298/839/1011 1293/838/1011 1287/850/1011 1276/849/1011
f 1298/839/996 1291/835/996 1279/837/996
f 1294/842/996 1293/838/996 1279/837/996
f 1296/840/1004 1302/830/1004 1274/829/1004 1288/851/1004
f 1296/840/997 1299/820/997 1279/837/997
f 1303/828/993 1284/827/993 1273/852/993 1267/853/993
o Terrain4.005
v -17.706942 -0.100000 -22.145828
v -16.840916 -0.100000 -21.645828
v -16.840916 -0.100000 -20.645828
v -17.706942 -0.100000 -20.145828
v -18.572968 -0.100000 -20.645828
v -18.572968 -0.100000 -21.645828
v -17.706942 0.600000 -22.145828
v -16.840916 0.600000 -21.645828
v -16.840916 0.600000 -20.645828
v -17.706942 0.100000 -20.145828
v -18.572968 0.100000 -20.645828
v -18.572968 0.100000 -21.645828
v -17.706942 0.344296 -21.145828
v -16.840916 -0.100000 -21.145828
v -16.840916 0.600000 -21.145828
v -18.572968 -0.100000 -21.145828
v -18.572968 0.100000 -21.145828
v -18.139954 0.350000 -21.895828
v -17.273930 0.350000 -20.395828
v -17.273930 -0.100000 -20.395828
v -18.139954 0.100000 -20.395828
v -17.273930 0.600000 -21.895828
v -18.139954 -0.100000 -20.395828
v -17.273930 -0.100000 -21.895828
v -17.490435 0.344296 -20.770828
v -17.273930 0.421561 -21.145828
v -17.923449 0.296278 -20.770828
v -18.139954 0.243369 -20.895828
v -17.923449 0.347622 -21.520828
v -17.490435 0.462137 -21.520828
v -18.139954 0.275109 -21.145828
v -17.706942 0.344296 -20.645828
v -17.706942 0.414109 -21.645828
v -17.273930 0.371528 -20.895828
v -18.139954 0.344296 -21.395828
v -17.273930 0.479806 -21.395828
v -18.139954 -0.100000 -21.895828
vn 0.5000 -0.0000 -0.8660
vn 1.0000 -0.0000 -0.0000
vn 0.5000 -0.0000 0.8660
vn -0.5000 -0.0000 0.8660
vn -0.2915 0.9178 0.2696
vn -1.0000 -0.0000 -0.0000
vn -0.5000 -0.0000 -0.8660
vn -0.3060 0.9492 0.0737
vn -0.3727 0.9271 0.0399
vn -0.2165 0.9763 -0.0000
vn -0.1899 0.9627 0.1929
vn -0.3347 0.9415 0.0398
vn -0.4386 0.8967 0.0598
vn -0.4534 0.8875 0.0819
vn -0.1861 0.9353 0.3011
vn -0.0077 0.9999 0.0133
vn -0.2310 0.9353 0.2682
vn -0.2338 0.9293 0.2860
vn -0.1723 0.9659 0.1933
vn -0.2189 0.9664 0.1349
vn -0.1522 0.9525 0.2636
vn -0.1712 0.9595 0.2236
vn -0.3580 0.9337 0.0107
vn -0.0938 0.9941 0.0541
vn -0.1566 0.9798 0.1244
vn -0.2818 0.8832 0.3750
vn -0.0000 1.0000 -0.0000
vn -0.2322 0.9726 -0.0095
vn -0.1593 0.9599 0.2307
vn -0.2869 0.9487 0.1325
vt 1.000000 0.500000
vt 1.000000 1.000000
vt 0.916667 1.000000
vt 0.916667 0.500000
vt 0.750000 0.500000
vt 0.750000 1.000000
vt 0.666667 1.000000
vt 0.666667 0.500000
vt 0.583333 1.000000
vt 0.583333 0.500000
vt 0.500000 0.500000
vt 0.500000 1.000000
vt 0.416667 1.000000
vt 0.416667 0.500000
vt 0.250000 0.490000
vt 0.146077 0.430000
vt 0.198038 0.340000
vt 0.250000 0.370000
vt 0.333333 0.500000
vt 0.333333 1.000000
vt 0.250000 1.000000
vt 0.250000 0.500000
vt 0.166667 0.500000
vt 0.166667 1.000000
vt 0.083333 1.000000
vt 0.083333 0.500000
vt 0.457846 0.370000
vt 0.353923 0.310000
vt 0.353923 0.250000
vt 0.457846 0.250000
vt 0.457846 0.130000
vt 0.353923 0.190000
vt 0.301962 0.160000
vt 0.353923 0.070000
vt 0.250000 0.250000
vt 0.198038 0.160000
vt 0.250000 0.130000
vt 0.301962 0.340000
vt 0.042154 0.130000
vt 0.146077 0.190000
vt 0.146077 0.250000
vt 0.042154 0.250000
vt 0.833333 0.500000
vt 0.833333 1.000000
vt 0.146077 0.310000
vt 0.042154 0.370000
vt 0.250000 0.010000
vt 0.146077 0.070000
vt 0.353923 0.430000
vt -0.000000 1.000000
vt -0.000000 0.500000
s 0
f 1304/854/1012 1310/855/1012 1325/856/1012 1327/857/1012
f 1317/858/1013 1318/859/1013 1312/860/1013 1306/861/1013
f 1306/861/1014 1312/860/1014 1322/862/1014 1323/863/1014
f 1307/864/1015 1313/865/1015 1324/866/1015 1326/867/1015
f 1310/868/1016 1321/869/1016 1332/870/1016 1336/871/1016
f 1308/872/1017 1314/873/1017 1320/874/1017 1319/875/1017
f 1309/876/1018 1315/877/1018 1321/878/1018 1340/879/1018
f 1311/880/1019 1339/881/1019 1329/882/1019 1318/883/1019
f 1312/884/1020 1337/885/1020 1328/886/1020 1322/887/1020
f 1316/888/1021 1330/889/1021 1335/890/1021
f 1316/888/1022 1339/881/1022 1333/891/1022
f 1314/892/1023 1331/893/1023 1334/894/1023 1320/895/1023
f 1305/896/1013 1311/897/1013 1318/859/1013 1317/858/1013
f 1318/883/1024 1329/882/1024 1337/885/1024 1312/884/1024
f 1319/875/1017 1320/874/1017 1315/877/1017 1309/876/1017
f 1320/895/1025 1334/894/1025 1338/898/1025 1315/899/1025
f 1322/887/1026 1328/886/1026 1335/890/1026 1313/900/1026
f 1316/888/1027 1332/870/1027 1338/898/1027
f 1323/863/1014 1322/862/1014 1313/865/1014 1307/864/1014
f 1324/901/1028 1330/889/1028 1331/893/1028 1314/892/1028
f 1325/902/1029 1310/868/1029 1336/871/1029 1333/891/1029
f 1327/857/1012 1325/856/1012 1311/897/1012 1305/896/1012
f 1326/867/1015 1324/866/1015 1314/873/1015 1308/872/1015
f 1337/885/1030 1329/882/1030 1316/888/1030
f 1336/871/1031 1332/870/1031 1316/888/1031
f 1338/898/1032 1334/894/1032 1316/888/1032
f 1329/882/1033 1339/881/1033 1316/888/1033
f 1338/898/1034 1332/870/1034 1321/869/1034 1315/899/1034
f 1328/886/1035 1337/885/1035 1316/888/1035
f 1334/894/1036 1331/893/1036 1316/888/1036
f 1335/890/1037 1330/889/1037 1324/901/1037 1313/900/1037
f 1335/890/1038 1328/886/1038 1316/888/1038
f 1331/893/1039 1330/889/1039 1316/888/1039
f 1333/891/1040 1339/881/1040 1311/880/1040 1325/902/1040
f 1333/891/1041 1336/871/1041 1316/888/1041
f 1340/879/1018 1321/878/1018 1310/903/1018 1304/904/1018
o Terrain3.003
v -17.706942 -0.100000 -17.187374
v -16.840916 -0.100000 -16.687374
v -16.840916 -0.100000 -15.687374
v -17.706942 -0.100000 -15.187374
v -18.572968 -0.100000 -15.687374
v -18.572968 -0.100000 -16.687374
v -17.706942 0.100000 -17.187374
v -16.840916 0.100000 -16.687374
v -16.840916 0.100000 -15.687374
v -17.706942 0.100000 -15.187374
v -18.572968 0.100000 -15.687374
v -18.572968 0.100000 -16.687374
v -17.706942 0.259539 -16.187374
v -16.840916 -0.100000 -16.187374
v -16.840916 0.100000 -16.187374
v -18.572968 -0.100000 -16.187374
v -18.572968 0.350000 -16.187374
v -18.139954 0.100000 -16.937374
v -17.273930 0.350000 -15.437374
v -17.273930 -0.100000 -15.437374
v -18.139954 0.100000 -15.437374
v -17.273930 0.350000 -16.937374
v -18.139954 -0.100000 -15.437374
v -17.273930 -0.100000 -16.937374
v -17.490435 0.222075 -15.812374
v -17.273930 0.222075 -16.187374
v -17.923449 0.222075 -15.812374
v -18.139954 0.222075 -15.937374
v -17.923449 0.236413 -16.562374
v -17.490435 0.222075 -16.562374
v -18.139954 0.222075 -16.187374
v -17.706942 0.246353 -15.687374
v -17.706942 0.270816 -16.687374
v -17.273930 0.222075 -15.937374
v -18.139954 0.247636 -16.437374
v -17.273930 0.248638 -16.437374
v -18.139954 -0.100000 -16.937374
vn 0.5000 -0.0000 -0.8660
vn 1.0000 -0.0000 -0.0000
vn 0.5000 -0.0000 0.8660
vn -0.5000 -0.0000 0.8660
vn -0.2098 0.9376 -0.2773
vn -1.0000 -0.0000 -0.0000
vn -0.5000 -0.0000 -0.8660
vn 0.3070 0.9511 0.0337
vn 0.2239 0.9442 -0.2416
vn -0.1263 0.9916 0.0262
vn -0.0483 0.9907 -0.1269
vn 0.0972 0.9442 0.3147
vn 0.2713 0.9625 -0.0000
vn 0.0608 0.9562 -0.2862
vn -0.2804 0.9557 0.0895
vn 0.0121 0.9976 -0.0685
vn -0.1357 0.9625 0.2350
vn -0.2379 0.9655 -0.1062
vn 0.0862 0.9963 -0.0000
vn -0.1443 0.9893 0.0223
vn -0.0858 0.9911 0.1013
vn 0.0857 0.9907 0.1053
vn -0.1454 0.9489 -0.2802
vn 0.0431 0.9963 0.0747
vn -0.0862 0.9963 -0.0000
vn -0.1787 0.9522 0.2479
vn 0.1263 0.9916 0.0262
vn -0.0431 0.9963 0.0747
vn 0.2171 0.9567 0.1939
vn 0.2074 0.9780 0.0221
vt 1.000000 0.500000
vt 1.000000 1.000000
vt 0.916667 1.000000
vt 0.916667 0.500000
vt 0.750000 0.500000
vt 0.750000 1.000000
vt 0.666667 1.000000
vt 0.666667 0.500000
vt 0.583333 1.000000
vt 0.583333 0.500000
vt 0.500000 0.500000
vt 0.500000 1.000000
vt 0.416667 1.000000
vt 0.416667 0.500000
vt 0.250000 0.490000
vt 0.146077 0.430000
vt 0.198038 0.340000
vt 0.250000 0.370000
vt 0.333333 0.500000
vt 0.333333 1.000000
vt 0.250000 1.000000
vt 0.250000 0.500000
vt 0.166667 0.500000
vt 0.166667 1.000000
vt 0.083333 1.000000
vt 0.083333 0.500000
vt 0.457846 0.370000
vt 0.353923 0.310000
vt 0.353923 0.250000
vt 0.457846 0.250000
vt 0.457846 0.130000
vt 0.353923 0.190000
vt 0.301962 0.160000
vt 0.353923 0.070000
vt 0.250000 0.250000
vt 0.198038 0.160000
vt 0.250000 0.130000
vt 0.301962 0.340000
vt 0.042154 0.130000
vt 0.146077 0.190000
vt 0.146077 0.250000
vt 0.042154 0.250000
vt 0.833333 0.500000
vt 0.833333 1.000000
vt 0.146077 0.310000
vt 0.042154 0.370000
vt 0.250000 0.010000
vt 0.146077 0.070000
vt 0.353923 0.430000
vt -0.000000 1.000000
vt -0.000000 0.500000
s 0
f 1341/905/1042 1347/906/1042 1362/907/1042 1364/908/1042
f 1354/909/1043 1355/910/1043 1349/911/1043 1343/912/1043
f 1343/912/1044 1349/911/1044 1359/913/1044 1360/914/1044
f 1344/915/1045 1350/916/1045 1361/917/1045 1363/918/1045
f 1347/919/1046 1358/920/1046 1369/921/1046 1373/922/1046
f 1345/923/1047 1351/924/1047 1357/925/1047 1356/926/1047
f 1346/927/1048 1352/928/1048 1358/929/1048 1377/930/1048
f 1348/931/1049 1376/932/1049 1366/933/1049 1355/934/1049
f 1349/935/1050 1374/936/1050 1365/937/1050 1359/938/1050
f 1353/939/1051 1367/940/1051 1372/941/1051
f 1353/939/1052 1376/932/1052 1370/942/1052
f 1351/943/1053 1368/944/1053 1371/945/1053 1357/946/1053
f 1342/947/1043 1348/948/1043 1355/910/1043 1354/909/1043
f 1355/934/1054 1366/933/1054 1374/936/1054 1349/935/1054
f 1356/926/1047 1357/925/1047 1352/928/1047 1346/927/1047
f 1357/946/1055 1371/945/1055 1375/949/1055 1352/950/1055
f 1359/938/1056 1365/937/1056 1372/941/1056 1350/951/1056
f 1353/939/1057 1369/921/1057 1375/949/1057
f 1360/914/1044 1359/913/1044 1350/916/1044 1344/915/1044
f 1361/952/1058 1367/940/1058 1368/944/1058 1351/943/1058
f 1362/953/1059 1347/919/1059 1373/922/1059 1370/942/1059
f 1364/908/1042 1362/907/1042 1348/948/1042 1342/947/1042
f 1363/918/1045 1361/917/1045 1351/924/1045 1345/923/1045
f 1374/936/1060 1366/933/1060 1353/939/1060
f 1373/922/1061 1369/921/1061 1353/939/1061
f 1375/949/1062 1371/945/1062 1353/939/1062
f 1366/933/1063 1376/932/1063 1353/939/1063
f 1375/949/1064 1369/921/1064 1358/920/1064 1352/950/1064
f 1365/937/1065 1374/936/1065 1353/939/1065
f 1371/945/1066 1368/944/1066 1353/939/1066
f 1372/941/1067 1367/940/1067 1361/952/1067 1350/951/1067
f 1372/941/1068 1365/937/1068 1353/939/1068
f 1368/944/1069 1367/940/1069 1353/939/1069
f 1370/942/1070 1376/932/1070 1348/931/1070 1362/953/1070
f 1370/942/1071 1373/922/1071 1353/939/1071
f 1377/930/1048 1358/929/1048 1347/954/1048 1341/955/1048
o Terrain3.004
v -17.646452 -0.100000 -3.984298
v -16.780426 -0.100000 -3.484298
v -16.780426 -0.100000 -2.484298
v -17.646452 -0.100000 -1.984298
v -18.512478 -0.100000 -2.484298
v -18.512478 -0.100000 -3.484298
v -17.646452 0.600000 -3.984298
v -16.780426 0.100000 -3.484298
v -16.780426 0.100000 -2.484298
v -17.646452 0.100000 -1.984298
v -18.512478 0.100000 -2.484298
v -18.512478 0.100000 -3.484298
v -17.646452 0.192164 -2.984298
v -16.780426 -0.100000 -2.984298
v -16.780426 0.100000 -2.984298
v -18.512478 -0.100000 -2.984298
v -18.512478 0.100000 -2.984298
v -18.079464 0.350000 -3.734298
v -17.213440 0.100000 -2.234298
v -17.213440 -0.100000 -2.234298
v -18.079464 0.350000 -2.234298
v -17.213440 0.350000 -3.734298
v -18.079464 -0.100000 -2.234298
v -17.213440 -0.100000 -3.734298
v -17.429945 0.192164 -2.609298
v -17.213440 0.100000 -2.984298
v -17.862959 0.192164 -2.609298
v -18.079464 0.192164 -2.734298
v -17.862959 0.221121 -3.359298
v -17.429945 0.221121 -3.359298
v -18.079464 0.192164 -2.984298
v -17.646452 0.192164 -2.484298
v -17.646452 0.221121 -3.484298
v -17.213440 0.100000 -2.734298
v -18.079464 0.221121 -3.234298
v -17.213440 0.221121 -3.234298
v -18.079464 -0.100000 -3.734298
vn 0.5000 -0.0000 -0.8660
vn 1.0000 -0.0000 -0.0000
vn 0.5000 -0.0000 0.8660
vn -0.5000 -0.0000 0.8660
vn -0.0375 0.8603 0.5085
vn -1.0000 -0.0000 -0.0000
vn -0.5000 -0.0000 -0.8660
vn 0.1811 0.9709 0.1568
vn 0.1405 0.9901 -0.0000
vn -0.0000 1.0000 -0.0000
vn -0.0334 0.9978 0.0578
vn -0.2082 0.9781 -0.0000
vn -0.2491 0.9678 0.0374
vn 0.1041 0.9781 0.1803
vn 0.0334 0.9978 0.0578
vn -0.1897 0.9363 -0.2956
vn 0.0375 0.8603 0.5085
vn 0.2082 0.9781 -0.0000
vn -0.0000 0.9934 0.1151
vn 0.1881 0.8839 0.4282
vn -0.2229 0.9440 0.2433
vn 0.2996 0.9383 -0.1730
vn 0.3508 0.9363 0.0165
vn 0.2229 0.9440 0.2433
vt 1.000000 0.500000
vt 1.000000 1.000000
vt 0.916667 1.000000
vt 0.916667 0.500000
vt 0.750000 0.500000
vt 0.750000 1.000000
vt 0.666667 1.000000
vt 0.666667 0.500000
vt 0.583333 1.000000
vt 0.583333 0.500000
vt 0.500000 0.500000
vt 0.500000 1.000000
vt 0.416667 1.000000
vt 0.416667 0.500000
vt 0.250000 0.490000
vt 0.146077 0.430000
vt 0.198038 0.340000
vt 0.250000 0.370000
vt 0.333333 0.500000
vt 0.333333 1.000000
vt 0.250000 1.000000
vt 0.250000 0.500000
vt 0.166667 0.500000
vt 0.166667 1.000000
vt 0.083333 1.000000
vt 0.083333 0.500000
vt 0.457846 0.370000
vt 0.353923 0.310000
vt 0.353923 0.250000
vt 0.457846 0.250000
vt 0.457846 0.130000
vt 0.353923 0.190000
vt 0.301962 0.160000
vt 0.353923 0.070000
vt 0.250000 0.250000
vt 0.198038 0.160000
vt 0.250000 0.130000
vt 0.301962 0.340000
vt 0.042154 0.130000
vt 0.146077 0.190000
vt 0.146077 0.250000
vt 0.042154 0.250000
vt 0.833333 0.500000
vt 0.833333 1.000000
vt 0.146077 0.310000
vt 0.042154 0.370000
vt 0.250000 0.010000
vt 0.146077 0.070000
vt 0.353923 0.430000
vt -0.000000 1.000000
vt -0.000000 0.500000
s 0
f 1378/956/1072 1384/957/1072 1399/958/1072 1401/959/1072
f 1391/960/1073 1392/961/1073 1386/962/1073 1380/963/1073
f 1380/963/1074 1386/962/1074 1396/964/1074 1397/965/1074
f 1381/966/1075 1387/967/1075 1398/968/1075 1400/969/1075
f 1384/970/1076 1395/971/1076 1406/972/1076 1410/973/1076
f 1382/974/1077 1388/975/1077 1394/976/1077 1393/977/1077
f 1383/978/1078 1389/979/1078 1395/980/1078 1414/981/1078
f 1385/982/1079 1413/983/1079 1403/984/1079 1392/985/1079
f 1386/986/1080 1411/987/1080 1402/988/1080 1396/989/1080
f 1390/990/1081 1404/991/1081 1409/992/1081
f 1390/990/1082 1413/983/1082 1407/993/1082
f 1388/994/1083 1405/995/1083 1408/996/1083 1394/997/1083
f 1379/998/1073 1385/999/1073 1392/961/1073 1391/960/1073
f 1392/985/1081 1403/984/1081 1411/987/1081 1386/986/1081
f 1393/977/1077 1394/976/1077 1389/979/1077 1383/978/1077
f 1394/997/1084 1408/996/1084 1412/1000/1084 1389/1001/1084
f 1396/989/1085 1402/988/1085 1409/992/1085 1387/1002/1085
f 1390/990/1086 1406/972/1086 1412/1000/1086
f 1397/965/1074 1396/964/1074 1387/967/1074 1381/966/1074
f 1398/1003/1087 1404/991/1087 1405/995/1087 1388/994/1087
f 1399/1004/1088 1384/970/1088 1410/973/1088 1407/993/1088
f 1401/959/1072 1399/958/1072 1385/999/1072 1379/998/1072
f 1400/969/1075 1398/968/1075 1388/975/1075 1382/974/1075
f 1411/987/1089 1403/984/1089 1390/990/1089
f 1410/973/1086 1406/972/1086 1390/990/1086
f 1412/1000/1090 1408/996/1090 1390/990/1090
f 1403/984/1091 1413/983/1091 1390/990/1091
f 1412/1000/1092 1406/972/1092 1395/971/1092 1389/1001/1092
f 1402/988/1093 1411/987/1093 1390/990/1093
f 1408/996/1081 1405/995/1081 1390/990/1081
f 1409/992/1094 1404/991/1094 1398/1003/1094 1387/1002/1094
f 1409/992/1081 1402/988/1081 1390/990/1081
f 1405/995/1081 1404/991/1081 1390/990/1081
f 1407/993/1095 1413/983/1095 1385/982/1095 1399/1004/1095
f 1407/993/1082 1410/973/1082 1390/990/1082
f 1414/981/1078 1395/980/1078 1384/1005/1078 1378/1006/1078
o Terrain3.005
v -17.706942 -0.100000 -14.866819
v -16.840916 -0.100000 -14.366819
v -16.840916 -0.100000 -13.366819
v -17.706942 -0.100000 -12.866819
v -18.572968 -0.100000 -13.366819
v -18.572968 -0.100000 -14.366819
v -17.706942 0.600000 -14.866819
v -16.840916 0.600000 -14.366819
v -16.840916 0.100000 -13.366819
v -17.706942 0.100000 -12.866819
v -18.572968 0.100000 -13.366819
v -18.572968 0.100000 -14.366819
v -17.706942 0.321038 -13.866819
v -16.840916 -0.100000 -13.866819
v -16.840916 0.350000 -13.866819
v -18.572968 -0.100000 -13.866819
v -18.572968 0.100000 -13.866819
v -18.139954 0.350000 -14.616819
v -17.273930 0.100000 -13.116819
v -17.273930 -0.100000 -13.116819
v -18.139954 0.100000 -13.116819
v -17.273930 0.600000 -14.616819
v -18.139954 -0.100000 -13.116819
v -17.273930 -0.100000 -14.616819
v -17.490435 0.218781 -13.491819
v -17.273930 0.321038 -13.866819
v -17.923449 0.185024 -13.491819
v -18.139954 0.185024 -13.616819
v -17.923449 0.321038 -14.241819
v -17.490435 0.372790 -14.241819
v -18.139954 0.185024 -13.866819
v -17.706942 0.185024 -13.366819
v -17.706942 0.372790 -14.366819
v -17.273930 0.269067 -13.616819
v -18.139954 0.321038 -14.116819
v -17.273930 0.387676 -14.116819
v -18.139954 -0.100000 -14.616819
vn 0.5000 -0.0000 -0.8660
vn 1.0000 -0.0000 -0.0000
vn 0.5000 -0.0000 0.8660
vn -0.5000 -0.0000 0.8660
vn -0.2367 0.9151 0.3265
vn -1.0000 -0.0000 -0.0000
vn -0.5000 -0.0000 -0.8660
vn -0.1429 0.9118 0.3849
vn 0.1109 0.9415 0.3183
vn -0.1498 0.9540 0.2595
vn -0.1103 0.9912 0.0731
vn -0.1927 0.9813 -0.0000
vn 0.0422 0.9268 0.3732
vn -0.3708 0.9138 0.1657
vn 0.0704 0.9752 0.2097
vn -0.0000 1.0000 -0.0000
vn -0.0963 0.9813 0.1669
vn -0.2323 0.8855 0.4024
vn -0.0000 0.9791 0.2035
vn -0.1756 0.9792 0.1014
vn -0.2660 0.8468 0.4607
vn -0.0000 0.9663 0.2576
vn -0.3311 0.9420 0.0546
vn -0.0536 0.9551 0.2914
vn -0.2997 0.9540 -0.0000
vn 0.0011 0.9649 0.2625
vn -0.2396 0.8936 0.3795
vn -0.0593 0.9929 0.1028
vt 1.000000 0.500000
vt 1.000000 1.000000
vt 0.916667 1.000000
vt 0.916667 0.500000
vt 0.750000 0.500000
vt 0.750000 1.000000
vt 0.666667 1.000000
vt 0.666667 0.500000
vt 0.583333 1.000000
vt 0.583333 0.500000
vt 0.500000 0.500000
vt 0.500000 1.000000
vt 0.416667 1.000000
vt 0.416667 0.500000
vt 0.250000 0.490000
vt 0.146077 0.430000
vt 0.198038 0.340000
vt 0.250000 0.370000
vt 0.333333 0.500000
vt 0.333333 1.000000
vt 0.250000 1.000000
vt 0.250000 0.500000
vt 0.166667 0.500000
vt 0.166667 1.000000
vt 0.083333 1.000000
vt 0.083333 0.500000
vt 0.457846 0.370000
vt 0.353923 0.310000
vt 0.353923 0.250000
vt 0.457846 0.250000
vt 0.457846 0.130000
vt 0.353923 0.190000
vt 0.301962 0.160000
vt 0.353923 0.070000
vt 0.250000 0.250000
vt 0.198038 0.160000
vt 0.250000 0.130000
vt 0.301962 0.340000
vt 0.042154 0.130000
vt 0.146077 0.190000
vt 0.146077 0.250000
vt 0.042154 0.250000
vt 0.833333 0.500000
vt 0.833333 1.000000
vt 0.146077 0.310000
vt 0.042154 0.370000
vt 0.250000 0.010000
vt 0.146077 0.070000
vt 0.353923 0.430000
vt -0.000000 1.000000
vt -0.000000 0.500000
s 0
f 1415/1007/1096 1421/1008/1096 1436/1009/1096 1438/1010/1096
f 1428/1011/1097 1429/1012/1097 1423/1013/1097 1417/1014/1097
f 1417/1014/1098 1423/1013/1098 1433/1015/1098 1434/1016/1098
f 1418/1017/1099 1424/1018/1099 1435/1019/1099 1437/1020/1099
f 1421/1021/1100 1432/1022/1100 1443/1023/1100 1447/1024/1100
f 1419/1025/1101 1425/1026/1101 1431/1027/1101 1430/1028/1101
f 1420/1029/1102 1426/1030/1102 1432/1031/1102 1451/1032/1102
f 1422/1033/1103 1450/1034/1103 1440/1035/1103 1429/1036/1103
f 1423/1037/1104 1448/1038/1104 1439/1039/1104 1433/1040/1104
f 1427/1041/1105 1441/1042/1105 1446/1043/1105
f 1427/1041/1106 1450/1034/1106 1444/1044/1106
f 1425/1045/1107 1442/1046/1107 1445/1047/1107 1431/1048/1107
f 1416/1049/1097 1422/1050/1097 1429/1012/1097 1428/1011/1097
f 1429/1036/1108 1440/1035/1108 1448/1038/1108 1423/1037/1108
f 1430/1028/1101 1431/1027/1101 1426/1030/1101 1420/1029/1101
f 1431/1048/1109 1445/1047/1109 1449/1051/1109 1426/1052/1109
f 1433/1040/1110 1439/1039/1110 1446/1043/1110 1424/1053/1110
f 1427/1041/1111 1443/1023/1111 1449/1051/1111
f 1434/1016/1098 1433/1015/1098 1424/1018/1098 1418/1017/1098
f 1435/1054/1112 1441/1042/1112 1442/1046/1112 1425/1045/1112
f 1436/1055/1113 1421/1021/1113 1447/1024/1113 1444/1044/1113
f 1438/1010/1096 1436/1009/1096 1422/1050/1096 1416/1049/1096
f 1437/1020/1099 1435/1019/1099 1425/1026/1099 1419/1025/1099
f 1448/1038/1114 1440/1035/1114 1427/1041/1114
f 1447/1024/1115 1443/1023/1115 1427/1041/1115
f 1449/1051/1116 1445/1047/1116 1427/1041/1116
f 1440/1035/1117 1450/1034/1117 1427/1041/1117
f 1449/1051/1118 1443/1023/1118 1432/1022/1118 1426/1052/1118
f 1439/1039/1119 1448/1038/1119 1427/1041/1119
f 1445/1047/1120 1442/1046/1120 1427/1041/1120
f 1446/1043/1112 1441/1042/1112 1435/1054/1112 1424/1053/1112
f 1446/1043/1121 1439/1039/1121 1427/1041/1121
f 1442/1046/1105 1441/1042/1105 1427/1041/1105
f 1444/1044/1122 1450/1034/1122 1422/1033/1122 1436/1055/1122
f 1444/1044/1123 1447/1024/1123 1427/1041/1123
f 1451/1032/1102 1432/1031/1102 1421/1056/1102 1415/1057/1102
o Terrain2.003
v -17.706942 -0.100000 -12.473801
v -16.840916 -0.100000 -11.973801
v -16.840916 -0.100000 -10.973801
v -17.706942 -0.100000 -10.473801
v -18.572968 -0.100000 -10.973801
v -18.572968 -0.100000 -11.973801
v -17.706942 0.100000 -12.473801
v -16.840916 0.100000 -11.973801
v -16.840916 0.100000 -10.973801
v -17.706942 0.100000 -10.473801
v -18.572968 0.100000 -10.973801
v -18.572968 0.100000 -11.973801
v -17.706942 0.191649 -11.473801
v -16.840916 -0.100000 -11.473801
v -16.840916 0.350000 -11.473801
v -18.572968 -0.100000 -11.473801
v -18.572968 0.350000 -11.473801
v -18.139954 0.100000 -12.223801
v -17.273930 0.100000 -10.723801
v -17.273930 -0.100000 -10.723801
v -18.139954 0.100000 -10.723801
v -17.273930 0.100000 -12.223801
v -18.139954 -0.100000 -10.723801
v -17.273930 -0.100000 -12.223801
v -17.490435 0.149774 -11.098801
v -17.273930 0.180949 -11.473801
v -17.923449 0.180669 -11.098801
v -18.139954 0.180669 -11.223801
v -17.923449 0.149774 -11.848801
v -17.490435 0.174891 -11.848801
v -18.139954 0.189639 -11.473801
v -17.706942 0.149774 -10.973801
v -17.706942 0.149774 -11.973801
v -17.273930 0.178831 -11.223801
v -18.139954 0.171993 -11.723801
v -17.273930 0.174891 -11.723801
v -18.139954 -0.100000 -12.223801
vn 0.5000 -0.0000 -0.8660
vn 1.0000 -0.0000 -0.0000
vn 0.5000 -0.0000 0.8660
vn -0.5000 -0.0000 0.8660
vn -0.0571 0.9935 -0.0989
vn -1.0000 -0.0000 -0.0000
vn -0.5000 -0.0000 -0.8660
vn -0.1925 0.9287 -0.3171
vn 0.0457 0.9868 0.1556
vn 0.0936 0.9921 0.0831
vn 0.0193 0.9993 -0.0335
vn 0.1783 0.9301 0.3212
vn -0.1874 0.9311 0.3130
vn 0.1896 0.9247 -0.3300
vn 0.0571 0.9935 0.0989
vn 0.0284 0.9915 -0.1271
vn -0.0916 0.9831 0.1586
vn 0.0378 0.9906 -0.1318
vn 0.0247 0.9997 0.0085
vn -0.0481 0.9954 -0.0834
vn -0.0046 0.9975 -0.0704
vn 0.0247 0.9994 -0.0242
vn -0.0484 0.9886 -0.1423
vn -0.0517 0.9888 0.1403
vn -0.0046 0.9993 0.0359
vn -0.0333 0.9897 0.1393
vn 0.0481 0.9954 0.0834
vn -0.0127 0.9997 0.0220
vn 0.0852 0.9854 -0.1476
vn -0.0673 0.9943 -0.0833
vt 1.000000 0.500000
vt 1.000000 1.000000
vt 0.916667 1.000000
vt 0.916667 0.500000
vt 0.750000 0.500000
vt 0.750000 1.000000
vt 0.666667 1.000000
vt 0.666667 0.500000
vt 0.583333 1.000000
vt 0.583333 0.500000
vt 0.500000 0.500000
vt 0.500000 1.000000
vt 0.416667 1.000000
vt 0.416667 0.500000
vt 0.250000 0.490000
vt 0.146077 0.430000
vt 0.198038 0.340000
vt 0.250000 0.370000
vt 0.333333 0.500000
vt 0.333333 1.000000
vt 0.250000 1.000000
vt 0.250000 0.500000
vt 0.166667 0.500000
vt 0.166667 1.000000
vt 0.083333 1.000000
vt 0.083333 0.500000
vt 0.457846 0.370000
vt 0.353923 0.310000
vt 0.353923 0.250000
vt 0.457846 0.250000
vt 0.457846 0.130000
vt 0.353923 0.190000
vt 0.301962 0.160000
vt 0.353923 0.070000
vt 0.250000 0.250000
vt 0.198038 0.160000
vt 0.250000 0.130000
vt 0.301962 0.340000
vt 0.042154 0.130000
vt 0.146077 0.190000
vt 0.146077 0.250000
vt 0.042154 0.250000
vt 0.833333 0.500000
vt 0.833333 1.000000
vt 0.146077 0.310000
vt 0.042154 0.370000
vt 0.250000 0.010000
vt 0.146077 0.070000
vt 0.353923 0.430000
vt -0.000000 1.000000
vt -0.000000 0.500000
s 0
f 1452/1058/1124 1458/1059/1124 1473/1060/1124 1475/1061/1124
f 1465/1062/1125 1466/1063/1125 1460/1064/1125 1454/1065/1125
f 1454/1065/1126 1460/1064/1126 1470/1066/1126 1471/1067/1126
f 1455/1068/1127 1461/1069/1127 1472/1070/1127 1474/1071/1127
f 1458/1072/1128 1469/1073/1128 1480/1074/1128 1484/1075/1128
f 1456/1076/1129 1462/1077/1129 1468/1078/1129 1467/1079/1129
f 1457/1080/1130 1463/1081/1130 1469/1082/1130 1488/1083/1130
f 1459/1084/1131 1487/1085/1131 1477/1086/1131 1466/1087/1131
f 1460/1088/1132 1485/1089/1132 1476/1090/1132 1470/1091/1132
f 1464/1092/1133 1478/1093/1133 1483/1094/1133
f 1464/1092/1134 1487/1085/1134 1481/1095/1134
f 1462/1096/1135 1479/1097/1135 1482/1098/1135 1468/1099/1135
f 1453/1100/1125 1459/1101/1125 1466/1063/1125 1465/1062/1125
f 1466/1087/1136 1477/1086/1136 1485/1089/1136 1460/1088/1136
f 1467/1079/1129 1468/1078/1129 1463/1081/1129 1457/1080/1129
f 1468/1099/1137 1482/1098/1137 1486/1102/1137 1463/1103/1137
f 1470/1091/1138 1476/1090/1138 1483/1094/1138 1461/1104/1138
f 1464/1092/1139 1480/1074/1139 1486/1102/1139
f 1471/1067/1126 1470/1066/1126 1461/1069/1126 1455/1068/1126
f 1472/1105/1140 1478/1093/1140 1479/1097/1140 1462/1096/1140
f 1473/1106/1141 1458/1072/1141 1484/1075/1141 1481/1095/1141
f 1475/1061/1124 1473/1060/1124 1459/1101/1124 1453/1100/1124
f 1474/1071/1127 1472/1070/1127 1462/1077/1127 1456/1076/1127
f 1485/1089/1142 1477/1086/1142 1464/1092/1142
f 1484/1075/1143 1480/1074/1143 1464/1092/1143
f 1486/1102/1144 1482/1098/1144 1464/1092/1144
f 1477/1086/1145 1487/1085/1145 1464/1092/1145
f 1486/1102/1146 1480/1074/1146 1469/1073/1146 1463/1103/1146
f 1476/1090/1147 1485/1089/1147 1464/1092/1147
f 1482/1098/1148 1479/1097/1148 1464/1092/1148
f 1483/1094/1149 1478/1093/1149 1472/1105/1149 1461/1104/1149
f 1483/1094/1150 1476/1090/1150 1464/1092/1150
f 1479/1097/1151 1478/1093/1151 1464/1092/1151
f 1481/1095/1152 1487/1085/1152 1459/1084/1152 1473/1106/1152
f 1481/1095/1153 1484/1075/1153 1464/1092/1153
f 1488/1083/1130 1469/1082/1130 1458/1107/1130 1452/1108/1130
o Terrain2.004
v -17.706942 -0.100000 -10.135350
v -16.840916 -0.100000 -9.635350
v -16.840916 -0.100000 -8.635350
v -17.706942 -0.100000 -8.135350
v -18.572968 -0.100000 -8.635350
v -18.572968 -0.100000 -9.635350
v -17.706942 0.100000 -10.135350
v -16.840916 0.100000 -9.635350
v -16.840916 0.100000 -8.635350
v -17.706942 0.100000 -8.135350
v -18.572968 0.100000 -8.635350
v -18.572968 0.100000 -9.635350
v -17.706942 0.172685 -9.135349
v -16.840916 -0.100000 -9.135350
v -16.840916 0.100000 -9.135350
v -18.572968 -0.100000 -9.135350
v -18.572968 0.100000 -9.135350
v -18.139954 0.100000 -9.885350
v -17.273930 0.350000 -8.385350
v -17.273930 -0.100000 -8.385350
v -18.139954 0.100000 -8.385350
v -17.273930 0.350000 -9.885350
v -18.139954 -0.100000 -8.385350
v -17.273930 -0.100000 -9.885350
v -17.490435 0.222523 -8.760350
v -17.273930 0.166625 -9.135350
v -17.923449 0.166625 -8.760350
v -18.139954 0.166625 -8.885350
v -17.923449 0.166625 -9.510350
v -17.490435 0.177380 -9.510350
v -18.139954 0.166625 -9.135350
v -17.706942 0.166625 -8.635350
v -17.706942 0.178653 -9.635350
v -17.273930 0.189086 -8.885350
v -18.139954 0.166625 -9.385350
v -17.273930 0.166625 -9.385350
v -18.139954 -0.100000 -9.885350
vn 0.5000 -0.0000 -0.8660
vn 1.0000 -0.0000 -0.0000
vn 0.5000 -0.0000 0.8660
vn -0.5000 -0.0000 0.8660
vn -0.0986 0.9853 -0.1392
vn -1.0000 -0.0000 -0.0000
vn -0.5000 -0.0000 -0.8660
vn 0.1521 0.9884 -0.0000
vn 0.2320 0.9259 -0.2980
vn -0.0070 0.9999 0.0121
vn 0.0318 0.9990 0.0309
vn -0.1521 0.9884 -0.0000
vn 0.1851 0.9823 -0.0294
vn -0.4080 0.9122 0.0375
vn -0.0070 0.9999 -0.0121
vn -0.0760 0.9884 0.1317
vn -0.3628 0.9318 0.0103
vn 0.0139 0.9959 -0.0895
vn -0.0486 0.9987 0.0119
vn -0.0140 0.9999 -0.0000
vn 0.0140 0.9999 -0.0000
vn -0.0760 0.9884 -0.1317
vn 0.0574 0.9848 -0.1640
vn -0.2436 0.9698 0.0118
vn 0.1754 0.9243 0.3390
vn -0.0010 0.9999 0.0119
vt 1.000000 0.500000
vt 1.000000 1.000000
vt 0.916667 1.000000
vt 0.916667 0.500000
vt 0.750000 0.500000
vt 0.750000 1.000000
vt 0.666667 1.000000
vt 0.666667 0.500000
vt 0.583333 1.000000
vt 0.583333 0.500000
vt 0.500000 0.500000
vt 0.500000 1.000000
vt 0.416667 1.000000
vt 0.416667 0.500000
vt 0.250000 0.490000
vt 0.146077 0.430000
vt 0.198038 0.340000
vt 0.250000 0.370000
vt 0.333333 0.500000
vt 0.333333 1.000000
vt 0.250000 1.000000
vt 0.250000 0.500000
vt 0.166667 0.500000
vt 0.166667 1.000000
vt 0.083333 1.000000
vt 0.083333 0.500000
vt 0.457846 0.370000
vt 0.353923 0.310000
vt 0.353923 0.250000
vt 0.457846 0.250000
vt 0.457846 0.130000
vt 0.353923 0.190000
vt 0.301962 0.160000
vt 0.353923 0.070000
vt 0.250000 0.250000
vt 0.198038 0.160000
vt 0.250000 0.130000
vt 0.301962 0.340000
vt 0.042154 0.130000
vt 0.146077 0.190000
vt 0.146077 0.250000
vt 0.042154 0.250000
vt 0.833333 0.500000
vt 0.833333 1.000000
vt 0.146077 0.310000
vt 0.042154 0.370000
vt 0.250000 0.010000
vt 0.146077 0.070000
vt 0.353923 0.430000
vt -0.000000 1.000000
vt -0.000000 0.500000
s 0
f 1489/1109/1154 1495/1110/1154 1510/1111/1154 1512/1112/1154
f 1502/1113/1155 1503/1114/1155 1497/1115/1155 1491/1116/1155
f 1491/1116/1156 1497/1115/1156 1507/1117/1156 1508/1118/1156
f 1492/1119/1157 1498/1120/1157 1509/1121/1157 1511/1122/1157
f 1495/1123/1158 1506/1124/1158 1517/1125/1158 1521/1126/1158
f 1493/1127/1159 1499/1128/1159 1505/1129/1159 1504/1130/1159
f 1494/1131/1160 1500/1132/1160 1506/1133/1160 1525/1134/1160
f 1496/1135/1161 1524/1136/1161 1514/1137/1161 1503/1138/1161
f 1497/1139/1162 1522/1140/1162 1513/1141/1162 1507/1142/1162
f 1501/1143/1163 1515/1144/1163 1520/1145/1163
f 1501/1143/1164 1524/1136/1164 1518/1146/1164
f 1499/1147/1165 1516/1148/1165 1519/1149/1165 1505/1150/1165
f 1490/1151/1155 1496/1152/1155 1503/1114/1155 1502/1113/1155
f 1503/1138/1166 1514/1137/1166 1522/1140/1166 1497/1139/1166
f 1504/1130/1159 1505/1129/1159 1500/1132/1159 1494/1131/1159
f 1505/1150/1165 1519/1149/1165 1523/1153/1165 1500/1154/1165
f 1507/1142/1167 1513/1141/1167 1520/1145/1167 1498/1155/1167
f 1501/1143/1168 1517/1125/1168 1523/1153/1168
f 1508/1118/1156 1507/1117/1156 1498/1120/1156 1492/1119/1156
f 1509/1156/1169 1515/1144/1169 1516/1148/1169 1499/1147/1169
f 1510/1157/1170 1495/1123/1170 1521/1126/1170 1518/1146/1170
f 1512/1112/1154 1510/1111/1154 1496/1152/1154 1490/1151/1154
f 1511/1122/1157 1509/1121/1157 1499/1128/1157 1493/1127/1157
f 1522/1140/1171 1514/1137/1171 1501/1143/1171
f 1521/1126/1172 1517/1125/1172 1501/1143/1172
f 1523/1153/1173 1519/1149/1173 1501/1143/1173
f 1514/1137/1174 1524/1136/1174 1501/1143/1174
f 1523/1153/1175 1517/1125/1175 1506/1124/1175 1500/1154/1175
f 1513/1141/1176 1522/1140/1176 1501/1143/1176
f 1519/1149/1173 1516/1148/1173 1501/1143/1173
f 1520/1145/1169 1515/1144/1169 1509/1156/1169 1498/1155/1169
f 1520/1145/1177 1513/1141/1177 1501/1143/1177
f 1516/1148/1163 1515/1144/1163 1501/1143/1163
f 1518/1146/1178 1524/1136/1178 1496/1135/1178 1510/1157/1178
f 1518/1146/1179 1521/1126/1179 1501/1143/1179
f 1525/1134/1160 1506/1133/1160 1495/1158/1160 1489/1159/1160
o Terrain2.005
v -17.706942 -0.100000 -8.094251
v -16.840916 -0.100000 -7.594251
v -16.840916 -0.100000 -6.594251
v -17.706942 -0.100000 -6.094251
v -18.572968 -0.100000 -6.594251
v -18.572968 -0.100000 -7.594251
v -17.706942 0.100000 -8.094251
v -16.840916 0.600000 -7.594251
v -16.840916 0.600000 -6.594251
v -17.706942 0.100000 -6.094251
v -18.572968 0.100000 -6.594251
v -18.572968 0.100000 -7.594251
v -17.706942 0.243124 -7.094250
v -16.840916 -0.100000 -7.094251
v -16.840916 0.600000 -7.094251
v -18.572968 -0.100000 -7.094251
v -18.572968 0.100000 -7.094251
v -18.139954 0.100000 -7.844251
v -17.273930 0.350000 -6.344251
v -17.273930 -0.100000 -6.344251
v -18.139954 0.100000 -6.344251
v -17.273930 0.350000 -7.844251
v -18.139954 -0.100000 -6.344251
v -17.273930 -0.100000 -7.844251
v -17.490435 0.267079 -6.719251
v -17.273930 0.305100 -7.094251
v -17.923449 0.137768 -6.719251
v -18.139954 0.137768 -6.844251
v -17.923449 0.185768 -7.469251
v -17.490435 0.243124 -7.469251
v -18.139954 0.136680 -7.094251
v -17.706942 0.219560 -6.594251
v -17.706942 0.243124 -7.594251
v -17.273930 0.338613 -6.844251
v -18.139954 0.136680 -7.344251
v -17.273930 0.277372 -7.344251
v -18.139954 -0.100000 -7.844251
vn 0.5000 -0.0000 -0.8660
vn 1.0000 -0.0000 -0.0000
vn 0.5000 -0.0000 0.8660
vn -0.5000 -0.0000 0.8660
vn -0.2008 0.9588 -0.2011
vn -1.0000 -0.0000 -0.0000
vn -0.5000 -0.0000 -0.8660
vn -0.5860 0.8097 -0.0299
vn -0.4529 0.8913 -0.0203
vn -0.3750 0.9260 0.0436
vn -0.1175 0.9907 -0.0679
vn -0.0861 0.9963 -0.0014
vn -0.5323 0.8457 -0.0378
vn -0.0844 0.9964 -0.0000
vn -0.3521 0.9274 0.1260
vn -0.2299 0.9731 -0.0161
vn -0.0434 0.9962 0.0753
vn -0.2993 0.9474 -0.1133
vn -0.1405 0.9813 -0.1315
vn -0.2561 0.9667 -0.0000
vn -0.2387 0.9711 -0.0000
vn -0.1408 0.9840 -0.1091
vn -0.1168 0.9905 -0.0727
vn -0.2645 0.9601 0.0914
vn -0.2387 0.9711 -0.0042
vn -0.1955 0.9725 0.1265
vn -0.1886 0.9810 0.0462
vn -0.1182 0.9717 0.2047
vn -0.4586 0.8794 0.1277
vn -0.0000 1.0000 -0.0000
vt 1.000000 0.500000
vt 1.000000 1.000000
vt 0.916667 1.000000
vt 0.916667 0.500000
vt 0.750000 0.500000
vt 0.750000 1.000000
vt 0.666667 1.000000
vt 0.666667 0.500000
vt 0.583333 1.000000
vt 0.583333 0.500000
vt 0.500000 0.500000
vt 0.500000 1.000000
vt 0.416667 1.000000
vt 0.416667 0.500000
vt 0.250000 0.490000
vt 0.146077 0.430000
vt 0.198038 0.340000
vt 0.250000 0.370000
vt 0.333333 0.500000
vt 0.333333 1.000000
vt 0.250000 1.000000
vt 0.250000 0.500000
vt 0.166667 0.500000
vt 0.166667 1.000000
vt 0.083333 1.000000
vt 0.083333 0.500000
vt 0.457846 0.370000
vt 0.353923 0.310000
vt 0.353923 0.250000
vt 0.457846 0.250000
vt 0.457846 0.130000
vt 0.353923 0.190000
vt 0.301962 0.160000
vt 0.353923 0.070000
vt 0.250000 0.250000
vt 0.198038 0.160000
vt 0.250000 0.130000
vt 0.301962 0.340000
vt 0.042154 0.130000
vt 0.146077 0.190000
vt 0.146077 0.250000
vt 0.042154 0.250000
vt 0.833333 0.500000
vt 0.833333 1.000000
vt 0.146077 0.310000
vt 0.042154 0.370000
vt 0.250000 0.010000
vt 0.146077 0.070000
vt 0.353923 0.430000
vt -0.000000 1.000000
vt -0.000000 0.500000
s 0
f 1526/1160/1180 1532/1161/1180 1547/1162/1180 1549/1163/1180
f 1539/1164/1181 1540/1165/1181 1534/1166/1181 1528/1167/1181
f 1528/1167/1182 1534/1166/1182 1544/1168/1182 1545/1169/1182
f 1529/1170/1183 1535/1171/1183 1546/1172/1183 1548/1173/1183
f 1532/1174/1184 1543/1175/1184 1554/1176/1184 1558/1177/1184
f 1530/1178/1185 1536/1179/1185 1542/1180/1185 1541/1181/1185
f 1531/1182/1186 1537/1183/1186 1543/1184/1186 1562/1185/1186
f 1533/1186/1187 1561/1187/1187 1551/1188/1187 1540/1189/1187
f 1534/1190/1188 1559/1191/1188 1550/1192/1188 1544/1193/1188
f 1538/1194/1189 1552/1195/1189 1557/1196/1189
f 1538/1194/1190 1561/1187/1190 1555/1197/1190
f 1536/1198/1191 1553/1199/1191 1556/1200/1191 1542/1201/1191
f 1527/1202/1181 1533/1203/1181 1540/1165/1181 1539/1164/1181
f 1540/1189/1192 1551/1188/1192 1559/1191/1192 1534/1190/1192
f 1541/1181/1185 1542/1180/1185 1537/1183/1185 1531/1182/1185
f 1542/1201/1193 1556/1200/1193 1560/1204/1193 1537/1205/1193
f 1544/1193/1194 1550/1192/1194 1557/1196/1194 1535/1206/1194
f 1538/1194/1195 1554/1176/1195 1560/1204/1195
f 1545/1169/1182 1544/1168/1182 1535/1171/1182 1529/1170/1182
f 1546/1207/1196 1552/1195/1196 1553/1199/1196 1536/1198/1196
f 1547/1208/1197 1532/1174/1197 1558/1177/1197 1555/1197/1197
f 1549/1163/1180 1547/1162/1180 1533/1203/1180 1527/1202/1180
f 1548/1173/1183 1546/1172/1183 1536/1179/1183 1530/1178/1183
f 1559/1191/1198 1551/1188/1198 1538/1194/1198
f 1558/1177/1199 1554/1176/1199 1538/1194/1199
f 1560/1204/1200 1556/1200/1200 1538/1194/1200
f 1551/1188/1201 1561/1187/1201 1538/1194/1201
f 1560/1204/1202 1554/1176/1202 1543/1175/1202 1537/1205/1202
f 1550/1192/1203 1559/1191/1203 1538/1194/1203
f 1556/1200/1204 1553/1199/1204 1538/1194/1204
f 1557/1196/1205 1552/1195/1205 1546/1207/1205 1535/1206/1205
f 1557/1196/1206 1550/1192/1206 1538/1194/1206
f 1553/1199/1207 1552/1195/1207 1538/1194/1207
f 1555/1197/1208 1561/1187/1208 1533/1186/1208 1547/1208/1208
f 1555/1197/1209 1558/1177/1209 1538/1194/1209
f 1562/1185/1186 1543/1184/1186 1532/1209/1186 1526/1210/1186
o Rock.002
v -17.110132 0.062749 -0.713176
v -17.249210 0.088050 -0.647750
v -17.356741 0.096886 -0.786715
v -17.239504 0.096209 -0.923409
v -17.100742 0.077417 -0.860355
v -17.197491 0.141621 -0.711733
v -17.292179 0.159817 -0.728336
v -17.331036 0.199814 -0.839287
v -17.197290 0.142350 -0.858633
v -17.150003 0.164385 -0.786715
v -17.214258 0.196590 -0.786715
vn 0.8996 0.4251 0.0998
vn 0.4436 0.4775 0.7584
vn -0.7642 0.2223 0.6055
vn -0.7518 -0.1412 -0.6441
vn 0.3956 0.6064 -0.6898
vn 0.5663 0.6173 0.5461
vn 0.0300 0.7543 0.6558
vn -0.7988 0.4196 0.4310
vn 0.2159 0.7233 -0.6559
vn 0.4683 0.7103 -0.5255
vn 0.3917 0.7816 0.4854
vn 0.0537 0.8110 0.5825
vn -0.1460 0.9132 0.3804
vn 0.2651 0.7989 -0.5399
vn 0.3895 0.7772 -0.4942
vt 0.272728 0.157461
vt 0.454546 0.157461
vt 0.363637 0.314921
vt 0.090910 0.157461
vt 0.181819 0.314921
vt 0.818182 0.157461
vt 1.000000 0.157461
vt 0.909091 0.314921
vt 0.636364 0.157461
vt 0.727273 0.314921
vt 0.545455 0.314921
vt 0.000000 0.314921
vt 0.272728 0.472382
vt 0.090910 0.472382
vt 0.818182 0.472382
vt 0.636364 0.472382
vt 0.454546 0.472382
s 0
f 1563/1211/1210 1567/1212/1210 1572/1213/1210
f 1564/1214/1211 1563/1211/1211 1568/1215/1211
f 1565/1216/1212 1564/1217/1212 1569/1218/1212
f 1566/1219/1213 1565/1216/1213 1570/1220/1213
f 1567/1212/1214 1566/1219/1214 1571/1221/1214
f 1563/1211/1215 1572/1213/1215 1568/1215/1215
f 1564/1214/1216 1568/1215/1216 1569/1222/1216
f 1565/1216/1217 1569/1218/1217 1570/1220/1217
f 1566/1219/1218 1570/1220/1218 1571/1221/1218
f 1567/1212/1219 1571/1221/1219 1572/1213/1219
f 1568/1215/1220 1572/1213/1220 1573/1223/1220
f 1569/1222/1221 1568/1215/1221 1573/1224/1221
f 1570/1220/1222 1569/1218/1222 1573/1225/1222
f 1571/1221/1223 1570/1220/1223 1573/1226/1223
f 1572/1213/1224 1571/1221/1224 1573/1227/1224
o Rock.003
v -17.707554 0.168230 -1.167421
v -17.819000 0.136273 -1.101995
v -17.925030 0.105870 -1.225467
v -17.819000 0.136273 -1.338264
v -17.702385 0.169712 -1.287721
v -17.790518 0.237487 -1.140403
v -17.886642 0.209924 -1.167088
v -17.918423 0.211930 -1.278039
v -17.790518 0.237487 -1.310531
v -17.750757 0.225722 -1.225467
v -17.821247 0.244381 -1.225467
vn 0.7784 0.6265 0.0412
vn 0.4519 0.2025 0.8688
vn -0.7431 -0.0973 0.6621
vn -0.6520 -0.3037 -0.6947
vn 0.3559 0.1525 -0.9220
vn 0.6661 0.7150 0.2124
vn -0.3522 0.4171 0.8379
vn -0.9421 0.1942 0.2734
vn -0.2937 0.3286 -0.8976
vn 0.6289 0.7540 -0.1897
vn 0.2559 0.9666 -0.0141
vn -0.3191 0.9284 0.1905
vn -0.3739 0.9192 0.1237
vn -0.2327 0.9590 -0.1618
vn 0.2559 0.9666 0.0141
vt 0.272728 0.157461
vt 0.454546 0.157461
vt 0.363637 0.314921
vt 0.090910 0.157461
vt 0.181819 0.314921
vt 0.818182 0.157461
vt 1.000000 0.157461
vt 0.909091 0.314921
vt 0.636364 0.157461
vt 0.727273 0.314921
vt 0.545455 0.314921
vt 0.000000 0.314921
vt 0.272728 0.472382
vt 0.090910 0.472382
vt 0.818182 0.472382
vt 0.636364 0.472382
vt 0.454546 0.472382
s 0
f 1574/1228/1225 1578/1229/1225 1583/1230/1225
f 1575/1231/1226 1574/1228/1226 1579/1232/1226
f 1576/1233/1227 1575/1234/1227 1580/1235/1227
f 1577/1236/1228 1576/1233/1228 1581/1237/1228
f 1578/1229/1229 1577/1236/1229 1582/1238/1229
f 1574/1228/1230 1583/1230/1230 1579/1232/1230
f 1575/1231/1231 1579/1232/1231 1580/1239/1231
f 1576/1233/1232 1580/1235/1232 1581/1237/1232
f 1577/1236/1233 1581/1237/1233 1582/1238/1233
f 1578/1229/1234 1582/1238/1234 1583/1230/1234
f 1579/1232/1235 1583/1230/1235 1584/1240/1235
f 1580/1239/1236 1579/1232/1236 1584/1241/1236
f 1581/1237/1237 1580/1235/1237 1584/1242/1237
f 1582/1238/1238 1581/1237/1238 1584/1243/1238
f 1583/1230/1239 1582/1238/1239 1584/1244/1239
o Plane.001
v -20.375240 0.079000 5.156588
v -15.235241 0.079000 5.156588
v -20.375240 0.079000 -28.563410
v -15.235241 0.079000 -28.563410
v -17.706944 -0.100000 -1.914193
v -16.840918 -0.100000 -1.414193
v -16.840918 -0.100000 -0.414193
v -17.706944 -0.100000 0.085807
v -18.572969 -0.100000 -0.414193
v -18.572969 -0.100000 -1.414193
v -17.706944 0.100000 -1.914193
v -16.840918 0.100000 -1.414193
v -16.840918 0.012489 -0.414193
v -17.706944 0.012489 0.085807
v -18.572969 0.064025 -0.414193
v -18.572969 0.064025 -1.414193
v -17.706944 0.162051 -0.914193
v -16.840918 -0.100000 -0.914193
v -16.938158 0.069022 -0.914193
v -18.572969 -0.100000 -0.914193
v -18.517208 0.064025 -0.914193
v -18.139956 0.100000 -1.664192
v -17.273930 0.012489 -0.164193
v -17.273930 -0.100000 -0.164193
v -18.139956 0.064025 -0.184772
v -17.273930 0.350000 -1.664192
v -18.139956 -0.100000 -0.164193
v -17.273930 -0.100000 -1.664192
v -17.490437 0.073327 -0.539193
v -17.273930 0.165442 -0.914193
v -17.923449 0.100000 -0.539193
v -18.038731 0.100000 -0.680177
v -17.923449 0.165442 -1.289193
v -17.490437 0.194796 -1.289193
v -18.139956 0.100000 -0.914193
v -17.650301 0.073327 -0.493377
v -17.706944 0.194796 -1.414193
v -17.273930 0.100000 -0.664192
v -18.139956 0.100000 -1.164192
v -17.273930 0.194796 -1.164192
v -18.139956 -0.100000 -1.664192
vn -0.0000 1.0000 -0.0000
vn -0.0000 -0.0000 -1.0000
vn -0.1902 0.9305 -0.3131
vn 0.0901 0.9955 -0.0303
vn 0.5000 -0.0000 -0.8660
vn 0.9562 0.2926 0.0099
vn 0.5191 0.8465 0.1183
vn 0.8097 0.5821 0.0748
vn 0.9508 0.2988 0.0813
vn 0.1479 0.9397 0.3084
vn 0.5000 -0.0000 0.8660
vn -0.0096 0.0372 0.9993
vn 0.0457 0.9618 0.2699
vn -0.0712 0.9863 0.1489
vn -0.4977 0.0593 0.8653
vn -0.1871 0.9793 -0.0776
vn -0.1612 0.9869 -0.0001
vn -0.1710 0.9852 0.0074
vn -0.9821 0.1623 0.0958
vn -0.5290 0.8467 0.0569
vn -0.3104 0.9506 0.0053
vn -0.9859 0.1676 -0.0000
vn -0.9836 0.1529 -0.0956
vn -0.5552 0.8302 -0.0510
vn -0.5000 -0.0000 -0.8660
vn 0.6370 0.7702 -0.0311
vn 0.1276 0.9785 0.1619
vn 0.1362 0.9809 0.1391
vn 0.0987 0.9800 0.1728
vn 0.0469 0.9861 0.1592
vn -0.0554 0.9932 0.1025
vn -0.0288 0.9936 0.1095
vn 0.0580 0.9875 0.1463
vn -0.1502 0.9877 0.0445
vn -0.0900 0.9942 0.0589
vn -0.1002 0.9949 0.0072
vn 0.9704 0.2310 -0.0700
vn -0.1346 0.9909 0.0051
vt 0.000000 0.000000
vt 1.000000 0.000000
vt 1.000000 1.000000
vt 0.000000 1.000000
vt 1.000000 0.500000
vt 0.916667 1.000000
vt 0.916667 0.500000
vt 0.750000 0.500000
vt 0.750000 1.000000
vt 0.666667 1.000000
vt 0.666667 0.500000
vt 0.583333 1.000000
vt 0.583333 0.500000
vt 0.500000 0.500000
vt 0.500000 1.000000
vt 0.416667 1.000000
vt 0.416667 0.500000
vt 0.250000 0.490000
vt 0.146077 0.430000
vt 0.198038 0.340000
vt 0.250000 0.370000
vt 0.333333 0.500000
vt 0.333333 1.000000
vt 0.250000 1.000000
vt 0.250000 0.500000
vt 0.166667 0.500000
vt 0.166667 1.000000
vt 0.083333 1.000000
vt 0.083333 0.500000
vt 0.457846 0.370000
vt 0.353923 0.310000
vt 0.353923 0.250000
vt 0.457846 0.250000
vt 0.457846 0.130000
vt 0.353923 0.190000
vt 0.301962 0.160000
vt 0.353923 0.070000
vt 0.250000 0.250000
vt 0.198038 0.160000
vt 0.250000 0.130000
vt 0.301962 0.340000
vt 0.042154 0.130000
vt 0.146077 0.190000
vt 0.146077 0.250000
vt 0.042154 0.250000
vt 0.833333 0.500000
vt 0.833333 1.000000
vt 0.146077 0.310000
vt 0.042154 0.370000
vt 0.250000 0.010000
vt 0.146077 0.070000
vt 0.353923 0.430000
vt -0.000000 1.000000
vt -0.000000 0.500000
s 0
usemtl Sea
f 1585/1245/1240 1586/1246/1240 1588/1247/1240 1587/1248/1240
s 1
usemtl TestMaterial.001
f 1589/1249/1241 1595/1247/1242 1610/1250/1243 1612/1251/1244
f 1602/1252/1245 1603/1253/1246 1597/1254/1247 1591/1255/1248
f 1591/1255/1248 1597/1254/1247 1607/1256/1249 1608/1257/1250
f 1592/1258/1251 1598/1259/1252 1609/1260/1253 1611/1261/1254
f 1595/1262/1242 1606/1263/1255 1617/1264/1256 1621/1265/1257
f 1593/1266/1258 1599/1267/1259 1605/1268/1260 1604/1269/1261
f 1594/1270/1262 1600/1271/1263 1606/1272/1255 1625/1273/1264
f 1596/1274/1265 1624/1275/1266 1614/1276/1267 1603/1277/1246
f 1597/1278/1247 1622/1279/1268 1613/1280/1269 1607/1281/1249
f 1601/1282/1270 1615/1283/1271 1620/1284/1272
f 1601/1282/1270 1624/1275/1266 1618/1285/1273
f 1599/1286/1259 1616/1287/1274 1619/1288/1275 1605/1289/1260
f 1590/1290/1276 1596/1291/1265 1603/1253/1246 1602/1252/1245
f 1603/1277/1246 1614/1276/1267 1622/1279/1268 1597/1278/1247
f 1604/1269/1261 1605/1268/1260 1600/1271/1263 1594/1270/1262
f 1605/1289/1260 1619/1288/1275 1623/1292/1277 1600/1293/1263
f 1607/1281/1249 1613/1280/1269 1620/1284/1272 1598/1294/1252
f 1601/1282/1270 1617/1264/1256 1623/1292/1277
f 1608/1257/1250 1607/1256/1249 1598/1259/1252 1592/1258/1251
f 1609/1295/1253 1615/1283/1271 1616/1287/1274 1599/1286/1259
f 1610/1296/1243 1595/1262/1242 1621/1265/1257 1618/1285/1273
f 1612/1251/1244 1610/1250/1243 1596/1291/1265 1590/1290/1276
f 1611/1261/1254 1609/1260/1253 1599/1267/1259 1593/1266/1258
f 1622/1279/1268 1614/1276/1267 1601/1282/1270
f 1621/1265/1257 1617/1264/1256 1601/1282/1270
f 1623/1292/1277 1619/1288/1275 1601/1282/1270
f 1614/1276/1267 1624/1275/1266 1601/1282/1270
f 1623/1292/1277 1617/1264/1256 1606/1263/1255 1600/1293/1263
f 1613/1280/1269 1622/1279/1268 1601/1282/1270
f 1619/1288/1275 1616/1287/1274 1601/1282/1270
f 1620/1284/1272 1615/1283/1271 1609/1295/1253 1598/1294/1252
f 1620/1284/1272 1613/1280/1269 1601/1282/1270
f 1616/1287/1274 1615/1283/1271 1601/1282/1270
f 1618/1285/1273 1624/1275/1266 1596/1274/1265 1610/1296/1243
f 1618/1285/1273 1621/1265/1257 1601/1282/1270
f 1625/1273/1264 1606/1272/1255 1595/1297/1242 1589/1298/1241
o PalmTree.003
v -18.081324 0.316354 -1.148157
v -18.074802 0.320187 -1.194089
v -18.117792 0.316354 -1.176649
v -18.088818 0.315659 -1.131940
v -18.101465 0.326573 -1.159961
v -18.131714 0.315659 -1.165454
v -18.100645 0.314224 -1.109156
v -18.125793 0.323569 -1.128823
v -18.150961 0.314224 -1.148467
v -18.118189 0.302711 -1.086701
v -18.147350 0.309423 -1.101232
v -18.168505 0.302711 -1.126012
v -18.133688 0.286213 -1.074509
v -18.166134 0.284134 -1.077188
v -18.176584 0.286213 -1.108023
v -18.144901 0.274631 -1.066780
v -18.182585 0.249456 -1.056134
v -18.181370 0.274631 -1.095273
v -18.037603 0.336028 -1.175794
v -18.077333 0.319339 -1.193404
v -18.069952 0.318955 -1.147442
v -18.025013 0.341910 -1.164545
v -18.056877 0.337415 -1.159179
v -18.063065 0.321828 -1.131196
v -18.007395 0.349622 -1.147482
v -18.034086 0.346101 -1.127944
v -18.052027 0.326066 -1.108365
v -17.986589 0.347623 -1.124949
v -18.008524 0.343645 -1.100257
v -18.031221 0.324067 -1.085832
v -17.971806 0.336797 -1.106913
v -17.980190 0.330046 -1.076117
v -18.009855 0.316715 -1.073565
v -17.962210 0.328783 -1.094134
v -17.949520 0.307057 -1.054967
v -17.994558 0.311710 -1.065782
v -18.104956 0.334084 -1.222311
v -18.074715 0.319002 -1.190296
v -18.060371 0.346127 -1.225304
v -18.112480 0.342882 -1.235935
v -18.084986 0.349710 -1.219757
v -18.060038 0.357048 -1.239455
v -18.122164 0.355639 -1.256049
v -18.092922 0.371028 -1.252207
v -18.060650 0.372255 -1.260178
v -18.126368 0.363921 -1.285346
v -18.098087 0.381204 -1.288205
v -18.064854 0.380536 -1.289475
v -18.123232 0.364064 -1.310865
v -18.100481 0.380238 -1.327750
v -18.070789 0.378229 -1.314385
v -18.120190 0.364097 -1.328482
v -18.100540 0.369882 -1.370285
v -18.075605 0.376140 -1.331475
v -18.055820 0.346176 -1.221902
v -18.077106 0.318629 -1.190996
v -18.036022 0.338037 -1.180870
v -18.044598 0.357757 -1.229619
v -18.049210 0.351652 -1.197906
v -18.021311 0.348184 -1.181356
v -18.027567 0.374034 -1.239918
v -18.018978 0.375285 -1.207805
v -18.000252 0.362804 -1.183307
v -18.000706 0.384199 -1.250862
v -17.985973 0.387776 -1.221251
v -17.973391 0.372970 -1.194250
v -17.975899 0.383756 -1.257608
v -17.950199 0.389124 -1.238245
v -17.952614 0.374183 -1.209345
v -17.958479 0.383015 -1.261560
v -17.912088 0.381082 -1.258229
v -17.938683 0.374876 -1.220529
v -18.118513 0.317440 -1.180625
v -18.073454 0.319876 -1.192057
v -18.106161 0.333731 -1.222144
v -18.136290 0.319348 -1.180618
v -18.113897 0.335570 -1.197930
v -18.121761 0.338511 -1.229455
v -18.161816 0.322156 -1.181863
v -18.152004 0.341874 -1.206793
v -18.144775 0.344633 -1.239146
v -18.190575 0.318219 -1.191963
v -18.187340 0.337035 -1.219204
v -18.173532 0.340695 -1.249247
v -18.209843 0.309277 -1.206451
v -18.219904 0.321055 -1.235162
v -18.195312 0.328440 -1.255287
v -18.222733 0.303170 -1.217228
v -18.250134 0.295684 -1.254110
v -18.210381 0.319461 -1.258747
v -18.014835 0.107234 -1.215379
v -18.027899 0.107234 -1.210754
v -18.040407 0.107234 -1.216720
v -18.045033 0.107234 -1.229783
v -18.039066 0.107234 -1.242290
v -18.026003 0.107234 -1.246916
v -18.013496 0.107234 -1.240950
v -18.008869 0.107234 -1.227887
v -18.009434 0.167234 -1.209380
v -18.006878 0.163705 -1.206541
v -18.028322 0.167234 -1.202691
v -18.028521 0.163705 -1.198876
v -18.046406 0.167234 -1.211317
v -18.049246 0.163705 -1.208761
v -18.053095 0.167234 -1.230205
v -18.056910 0.163705 -1.230405
v -18.044470 0.167234 -1.248290
v -18.047026 0.163705 -1.251129
v -18.025581 0.167234 -1.254979
v -18.025381 0.163705 -1.258794
v -18.007496 0.167234 -1.246353
v -18.004658 0.163705 -1.248909
v -18.000807 0.167234 -1.227465
v -17.996992 0.163705 -1.227265
v -18.013506 0.161626 -1.216577
v -18.026339 0.158823 -1.212159
v -18.038752 0.157661 -1.218211
v -18.043472 0.158823 -1.231188
v -18.037737 0.161626 -1.243488
v -18.024904 0.164429 -1.247906
v -18.012493 0.165591 -1.241854
v -18.007771 0.164429 -1.228877
v -18.017868 0.220170 -1.201786
v -18.014736 0.216726 -1.199464
v -18.036421 0.216117 -1.195398
v -18.035997 0.212081 -1.192144
v -18.054367 0.214438 -1.204149
v -18.056564 0.210157 -1.202172
v -18.061195 0.216117 -1.222912
v -18.064386 0.212081 -1.223673
v -18.052902 0.220170 -1.240697
v -18.054884 0.216726 -1.244053
v -18.034348 0.224223 -1.247085
v -18.033623 0.221371 -1.251373
v -18.016401 0.225902 -1.238334
v -18.013058 0.223295 -1.241345
v -18.009575 0.224223 -1.219571
v -18.005234 0.221371 -1.219844
v -18.023560 0.215182 -1.207524
v -18.036114 0.211054 -1.203356
v -18.048412 0.209343 -1.209512
v -18.053247 0.211054 -1.222385
v -18.047791 0.215182 -1.234436
v -18.035236 0.219311 -1.238604
v -18.022938 0.221021 -1.232448
v -18.018103 0.219311 -1.219575
v -18.032537 0.271977 -1.188578
v -18.029135 0.268636 -1.186500
v -18.050690 0.266007 -1.182551
v -18.049936 0.261795 -1.179594
v -18.068470 0.263534 -1.191451
v -18.070312 0.258961 -1.189793
v -18.075462 0.266007 -1.210065
v -18.078325 0.261795 -1.211123
v -18.067572 0.271977 -1.227488
v -18.069283 0.268636 -1.231089
v -18.049419 0.277947 -1.233515
v -18.048481 0.275477 -1.237995
v -18.031639 0.280419 -1.224615
v -18.028105 0.278310 -1.227796
v -18.024645 0.277947 -1.206001
v -18.020092 0.275477 -1.206466
v -18.037983 0.269042 -1.194538
v -18.050018 0.263256 -1.190837
v -18.062101 0.260860 -1.197186
v -18.067152 0.263256 -1.209866
v -18.062214 0.269042 -1.221450
v -18.050177 0.274827 -1.225151
v -18.038094 0.277224 -1.218802
v -18.033043 0.274827 -1.206122
v -18.052729 0.322566 -1.170396
v -18.048988 0.319418 -1.168625
v -18.070131 0.314201 -1.165045
v -18.068930 0.309832 -1.162492
v -18.087603 0.310736 -1.174225
v -18.088949 0.305861 -1.173012
v -18.094906 0.314201 -1.192559
v -18.097319 0.309832 -1.194021
v -18.087765 0.322566 -1.209307
v -18.089136 0.319418 -1.213213
v -18.070362 0.330931 -1.214659
v -18.069193 0.329004 -1.219346
v -18.052891 0.334396 -1.205479
v -18.049173 0.332974 -1.208826
v -18.045588 0.330931 -1.187145
v -18.040804 0.329004 -1.187817
vn 0.3753 0.9145 0.1513
vn -0.2376 0.9145 -0.3276
vn 0.2220 0.9483 0.2269
vn -0.2739 0.9483 -0.1605
vn -0.0163 0.8949 0.4461
vn -0.4289 0.8949 0.1237
vn -0.1390 0.7114 0.6889
vn -0.6348 0.7114 0.3015
vn -0.1342 0.5801 0.8034
vn -0.7471 0.5801 0.3246
vn -0.2161 0.9198 -0.3275
vn -0.7598 0.6329 0.1490
vn -0.2005 0.9665 -0.1604
vn -0.6404 0.7343 0.2251
vn -0.0396 0.9914 0.1245
vn -0.4056 0.7983 0.4453
vn 0.2275 0.9253 0.3033
vn -0.2123 0.6932 0.6888
vn 0.3880 0.8617 0.3269
vn -0.1556 0.5748 0.8034
vn -0.4995 0.5258 0.6885
vn 0.2498 0.7282 0.6382
vn -0.4663 0.6628 0.5859
vn 0.1400 0.8265 0.5452
vn -0.4748 0.8267 0.3018
vn 0.0296 0.9630 0.2680
vn -0.5528 0.8332 -0.0168
vn 0.0535 0.9969 -0.0575
vn -0.6216 0.7663 -0.1623
vn 0.1277 0.9687 -0.2126
vn -0.7423 0.6681 0.0520
vn -0.4096 0.5313 0.7416
vn -0.6173 0.7806 0.0978
vn -0.3481 0.6699 0.6557
vn -0.3346 0.9409 0.0528
vn -0.1106 0.8488 0.5170
vn -0.0647 0.9897 -0.1274
vn 0.2045 0.8791 0.4306
vn 0.0378 0.9633 -0.2658
vn 0.3705 0.8265 0.4238
vn 0.1279 0.6676 0.7335
vn 0.3355 0.9414 0.0357
vn 0.0055 0.7596 0.6504
vn 0.1734 0.9811 0.0858
vn -0.2925 0.8027 0.5197
vn -0.1527 0.9870 0.0501
vn -0.5862 0.6786 0.4426
vn -0.4183 0.9001 -0.1220
vn -0.7073 0.5532 0.4401
vn -0.4997 0.8270 -0.2576
vn -0.0000 -1.0000 -0.0000
vn 0.2360 0.7071 0.6665
vn -0.3044 0.7071 0.6382
vn -0.6665 0.7071 0.2360
vn -0.6382 0.7071 -0.3044
vn -0.2360 0.7071 -0.6665
vn 0.3044 0.7071 -0.6382
vn 0.6665 0.7071 -0.2360
vn 0.6382 0.7071 0.3044
vn -0.0000 1.0000 -0.0000
vn 0.3277 -0.1910 0.9253
vn 0.8860 -0.1910 0.4226
vn -0.4226 -0.1910 0.8860
vn -0.9253 -0.1910 0.3277
vn -0.8860 -0.1910 -0.4226
vn -0.3277 -0.1910 -0.9253
vn 0.4226 -0.1910 -0.8860
vn 0.9253 -0.1910 -0.3277
vn 0.1627 -0.9757 -0.1465
vn 0.1259 0.6307 0.7658
vn -0.4077 0.5469 0.7312
vn -0.7698 0.5469 0.3290
vn -0.7484 0.6307 -0.2052
vn -0.3560 0.7492 -0.5586
vn 0.1776 0.8330 -0.5240
vn 0.5397 0.8330 -0.1218
vn 0.5183 0.7492 0.4124
vn -0.1627 0.9757 0.1465
vn 0.3655 -0.2686 0.8912
vn 0.9103 -0.1041 0.4007
vn -0.3752 -0.3849 0.8433
vn -0.8779 -0.3849 0.2850
vn -0.8481 -0.2686 -0.4567
vn -0.3034 -0.1041 -0.9472
vn 0.4373 0.0122 -0.8992
vn 0.9400 0.0122 -0.3409
vn 0.2397 -0.9466 -0.2158
vn 0.0773 0.5821 0.8095
vn -0.4479 0.4587 0.7675
vn -0.8101 0.4587 0.3653
vn -0.7969 0.5821 -0.1615
vn -0.4162 0.7566 -0.5043
vn 0.1090 0.8800 -0.4623
vn 0.4711 0.8800 -0.0601
vn 0.4580 0.7566 0.4667
vn -0.2397 0.9466 0.2158
vn 0.3884 -0.3019 0.8706
vn 0.9168 -0.0597 0.3948
vn -0.3408 -0.4733 0.8123
vn -0.8435 -0.4733 0.2540
vn -0.8253 -0.3019 -0.4772
vn -0.2968 -0.0597 -0.9531
vn 0.4324 0.1117 -0.8948
vn 0.9351 0.1117 -0.3365
vn 0.3358 -0.8921 -0.3024
vn 0.0203 0.5085 0.8608
vn -0.4895 0.3356 0.8049
vn -0.8516 0.3356 0.4027
vn -0.8540 0.5085 -0.1101
vn -0.4952 0.7531 -0.4332
vn 0.0146 0.9260 -0.3772
vn 0.3767 0.9260 0.0249
vn 0.3791 0.7531 0.5378
vn -0.3358 0.8921 0.3024
vn 0.4219 -0.3401 0.8404
vn 0.9200 -0.0006 0.3920
vn -0.2857 -0.5802 0.7627
vn -0.7884 -0.5802 0.2044
vn -0.7917 -0.3401 -0.5075
vn -0.2936 -0.0006 -0.9559
vn 0.4140 0.2394 -0.8782
vn 0.9167 0.2394 -0.3199
vt 0.000000 0.000000
vt 0.500000 0.000000
vt 0.500000 0.200000
vt 0.000000 0.200000
vt 1.000000 0.000000
vt 1.000000 0.200000
vt 0.500000 0.400000
vt 0.000000 0.400000
vt 1.000000 0.400000
vt 0.500000 0.600000
vt 0.000000 0.600000
vt 1.000000 0.600000
vt 0.500000 0.800000
vt 0.000000 0.800000
vt 1.000000 0.800000
vt 0.500000 1.000000
vt 0.000000 1.000000
vt 1.000000 1.000000
vt 0.750000 0.490000
vt 0.919706 0.419706
vt 0.990000 0.250000
vt 0.919706 0.080294
vt 0.750000 0.010000
vt 0.580294 0.080294
vt 0.510000 0.250000
vt 0.580294 0.419706
vt 0.419706 0.419706
vt 0.250000 0.490000
vt 0.250000 0.459437
vt 0.398095 0.398095
vt 0.490000 0.250000
vt 0.459437 0.250000
vt 0.419706 0.080294
vt 0.398095 0.101906
vt 0.250000 0.010000
vt 0.250000 0.040563
vt 0.080294 0.080294
vt 0.101906 0.101905
vt 0.010000 0.250000
vt 0.040563 0.250000
vt 0.080294 0.419706
vt 0.101905 0.398095
vt 1.000000 0.500000
vt 1.000000 0.970587
vt 0.875000 0.970587
vt 0.875000 0.500000
vt 0.125000 0.500000
vt 0.125000 0.970587
vt 0.000000 0.970587
vt 0.000000 0.500000
vt 0.750000 0.970587
vt 0.750000 0.500000
vt 0.625000 0.970587
vt 0.625000 0.500000
vt 0.500000 0.970587
vt 0.500000 0.500000
vt 0.375000 0.970587
vt 0.375000 0.500000
vt 0.250000 0.970587
vt 0.250000 0.500000
s 0
f 1626/1299/1278 1627/1300/1278 1630/1301/1278 1629/1302/1278
f 1627/1300/1279 1628/1303/1279 1631/1304/1279 1630/1301/1279
f 1629/1302/1280 1630/1301/1280 1633/1305/1280 1632/1306/1280
f 1630/1301/1281 1631/1304/1281 1634/1307/1281 1633/1305/1281
f 1632/1306/1282 1633/1305/1282 1636/1308/1282 1635/1309/1282
f 1633/1305/1283 1634/1307/1283 1637/1310/1283 1636/1308/1283
f 1635/1309/1284 1636/1308/1284 1639/1311/1284 1638/1312/1284
f 1636/1308/1285 1637/1310/1285 1640/1313/1285 1639/1311/1285
f 1638/1312/1286 1639/1311/1286 1642/1314/1286 1641/1315/1286
f 1639/1311/1287 1640/1313/1287 1643/1316/1287 1642/1314/1287
f 1644/1299/1288 1645/1300/1288 1648/1301/1288 1647/1302/1288
f 1645/1300/1289 1646/1303/1289 1649/1304/1289 1648/1301/1289
f 1647/1302/1290 1648/1301/1290 1651/1305/1290 1650/1306/1290
f 1648/1301/1291 1649/1304/1291 1652/1307/1291 1651/1305/1291
f 1650/1306/1292 1651/1305/1292 1654/1308/1292 1653/1309/1292
f 1651/1305/1293 1652/1307/1293 1655/1310/1293 1654/1308/1293
f 1653/1309/1294 1654/1308/1294 1657/1311/1294 1656/1312/1294
f 1654/1308/1295 1655/1310/1295 1658/1313/1295 1657/1311/1295
f 1656/1312/1296 1657/1311/1296 1660/1314/1296 1659/1315/1296
f 1657/1311/1297 1658/1313/1297 1661/1316/1297 1660/1314/1297
f 1662/1299/1298 1663/1300/1298 1666/1301/1298 1665/1302/1298
f 1663/1300/1299 1664/1303/1299 1667/1304/1299 1666/1301/1299
f 1665/1302/1300 1666/1301/1300 1669/1305/1300 1668/1306/1300
f 1666/1301/1301 1667/1304/1301 1670/1307/1301 1669/1305/1301
f 1668/1306/1302 1669/1305/1302 1672/1308/1302 1671/1309/1302
f 1669/1305/1303 1670/1307/1303 1673/1310/1303 1672/1308/1303
f 1671/1309/1304 1672/1308/1304 1675/1311/1304 1674/1312/1304
f 1672/1308/1305 1673/1310/1305 1676/1313/1305 1675/1311/1305
f 1674/1312/1306 1675/1311/1306 1678/1314/1306 1677/1315/1306
f 1675/1311/1307 1676/1313/1307 1679/1316/1307 1678/1314/1307
f 1680/1299/1308 1681/1300/1308 1684/1301/1308 1683/1302/1308
f 1681/1300/1309 1682/1303/1309 1685/1304/1309 1684/1301/1309
f 1683/1302/1310 1684/1301/1310 1687/1305/1310 1686/1306/1310
f 1684/1301/1311 1685/1304/1311 1688/1307/1311 1687/1305/1311
f 1686/1306/1312 1687/1305/1312 1690/1308/1312 1689/1309/1312
f 1687/1305/1313 1688/1307/1313 1691/1310/1313 1690/1308/1313
f 1689/1309/1314 1690/1308/1314 1693/1311/1314 1692/1312/1314
f 1690/1308/1315 1691/1310/1315 1694/1313/1315 1693/1311/1315
f 1692/1312/1316 1693/1311/1316 1696/1314/1316 1695/1315/1316
f 1693/1311/1317 1694/1313/1317 1697/1316/1317 1696/1314/1317
f 1698/1299/1318 1699/1300/1318 1702/1301/1318 1701/1302/1318
f 1699/1300/1319 1700/1303/1319 1703/1304/1319 1702/1301/1319
f 1701/1302/1320 1702/1301/1320 1705/1305/1320 1704/1306/1320
f 1702/1301/1321 1703/1304/1321 1706/1307/1321 1705/1305/1321
f 1704/1306/1322 1705/1305/1322 1708/1308/1322 1707/1309/1322
f 1705/1305/1323 1706/1307/1323 1709/1310/1323 1708/1308/1323
f 1707/1309/1324 1708/1308/1324 1711/1311/1324 1710/1312/1324
f 1708/1308/1325 1709/1310/1325 1712/1313/1325 1711/1311/1325
f 1710/1312/1326 1711/1311/1326 1714/1314/1326 1713/1315/1326
f 1711/1311/1327 1712/1313/1327 1715/1316/1327 1714/1314/1327
f 1716/1317/1328 1717/1318/1328 1718/1319/1328 1719/1320/1328 1720/1321/1328 1721/1322/1328 1722/1323/1328 1723/1324/1328
f 1727/1325/1329 1725/1326/1329 1724/1327/1329 1726/1328/1329
f 1729/1329/1330 1727/1325/1330 1726/1328/1330 1728/1330/1330
f 1731/1331/1331 1729/1329/1331 1728/1330/1331 1730/1332/1331
f 1733/1333/1332 1731/1331/1332 1730/1332/1332 1732/1334/1332
f 1735/1335/1333 1733/1333/1333 1732/1334/1333 1734/1336/1333
f 1737/1337/1334 1735/1335/1334 1734/1336/1334 1736/1338/1334
f 1739/1339/1335 1737/1337/1335 1736/1338/1335 1738/1340/1335
f 1725/1326/1336 1739/1339/1336 1738/1340/1336 1724/1327/1336
f 1726/1328/1337 1724/1327/1337 1738/1340/1337 1736/1338/1337 1734/1336/1337 1732/1334/1337 1730/1332/1337 1728/1330/1337
f 1716/1341/1338 1725/1342/1338 1727/1343/1338 1717/1344/1338
f 1723/1345/1339 1739/1346/1339 1725/1347/1339 1716/1348/1339
f 1717/1344/1340 1727/1343/1340 1729/1349/1340 1718/1350/1340
f 1718/1350/1341 1729/1349/1341 1731/1351/1341 1719/1352/1341
f 1719/1352/1342 1731/1351/1342 1733/1353/1342 1720/1354/1342
f 1720/1354/1343 1733/1353/1343 1735/1355/1343 1721/1356/1343
f 1721/1356/1344 1735/1355/1344 1737/1357/1344 1722/1358/1344
f 1722/1358/1345 1737/1357/1345 1739/1346/1345 1723/1345/1345
f 1740/1317/1346 1741/1318/1346 1742/1319/1346 1743/1320/1346 1744/1321/1346 1745/1322/1346 1746/1323/1346 1747/1324/1346
f 1751/1325/1347 1749/1326/1347 1748/1327/1347 1750/1328/1347
f 1753/1329/1348 1751/1325/1348 1750/1328/1348 1752/1330/1348
f 1755/1331/1349 1753/1329/1349 1752/1330/1349 1754/1332/1349
f 1757/1333/1350 1755/1331/1350 1754/1332/1350 1756/1334/1350
f 1759/1335/1351 1757/1333/1351 1756/1334/1351 1758/1336/1351
f 1761/1337/1352 1759/1335/1352 1758/1336/1352 1760/1338/1352
f 1763/1339/1353 1761/1337/1353 1760/1338/1353 1762/1340/1353
f 1749/1326/1354 1763/1339/1354 1762/1340/1354 1748/1327/1354
f 1750/1328/1355 1748/1327/1355 1762/1340/1355 1760/1338/1355 1758/1336/1355 1756/1334/1355 1754/1332/1355 1752/1330/1355
f 1740/1341/1356 1749/1342/1356 1751/1343/1356 1741/1344/1356
f 1747/1345/1357 1763/1346/1357 1749/1347/1357 1740/1348/1357
f 1741/1344/1358 1751/1343/1358 1753/1349/1358 1742/1350/1358
f 1742/1350/1359 1753/1349/1359 1755/1351/1359 1743/1352/1359
f 1743/1352/1360 1755/1351/1360 1757/1353/1360 1744/1354/1360
f 1744/1354/1361 1757/1353/1361 1759/1355/1361 1745/1356/1361
f 1745/1356/1362 1759/1355/1362 1761/1357/1362 1746/1358/1362
f 1746/1358/1363 1761/1357/1363 1763/1346/1363 1747/1345/1363
f 1764/1317/1364 1765/1318/1364 1766/1319/1364 1767/1320/1364 1768/1321/1364 1769/1322/1364 1770/1323/1364 1771/1324/1364
f 1775/1325/1365 1773/1326/1365 1772/1327/1365 1774/1328/1365
f 1777/1329/1366 1775/1325/1366 1774/1328/1366 1776/1330/1366
f 1779/1331/1367 1777/1329/1367 1776/1330/1367 1778/1332/1367
f 1781/1333/1368 1779/1331/1368 1778/1332/1368 1780/1334/1368
f 1783/1335/1369 1781/1333/1369 1780/1334/1369 1782/1336/1369
f 1785/1337/1370 1783/1335/1370 1782/1336/1370 1784/1338/1370
f 1787/1339/1371 1785/1337/1371 1784/1338/1371 1786/1340/1371
f 1773/1326/1372 1787/1339/1372 1786/1340/1372 1772/1327/1372
f 1774/1328/1373 1772/1327/1373 1786/1340/1373 1784/1338/1373 1782/1336/1373 1780/1334/1373 1778/1332/1373 1776/1330/1373
f 1764/1341/1374 1773/1342/1374 1775/1343/1374 1765/1344/1374
f 1771/1345/1375 1787/1346/1375 1773/1347/1375 1764/1348/1375
f 1765/1344/1376 1775/1343/1376 1777/1349/1376 1766/1350/1376
f 1766/1350/1377 1777/1349/1377 1779/1351/1377 1767/1352/1377
f 1767/1352/1378 1779/1351/1378 1781/1353/1378 1768/1354/1378
f 1768/1354/1379 1781/1353/1379 1783/1355/1379 1769/1356/1379
f 1769/1356/1380 1783/1355/1380 1785/1357/1380 1770/1358/1380
f 1770/1358/1381 1785/1357/1381 1787/1346/1381 1771/1345/1381
f 1788/1317/1382 1789/1318/1382 1790/1319/1382 1791/1320/1382 1792/1321/1382 1793/1322/1382 1794/1323/1382 1795/1324/1382
f 1799/1325/1383 1797/1326/1383 1796/1327/1383 1798/1328/1383
f 1801/1329/1384 1799/1325/1384 1798/1328/1384 1800/1330/1384
f 1803/1331/1385 1801/1329/1385 1800/1330/1385 1802/1332/1385
f 1805/1333/1386 1803/1331/1386 1802/1332/1386 1804/1334/1386
f 1807/1335/1387 1805/1333/1387 1804/1334/1387 1806/1336/1387
f 1809/1337/1388 1807/1335/1388 1806/1336/1388 1808/1338/1388
f 1811/1339/1389 1809/1337/1389 1808/1338/1389 1810/1340/1389
f 1797/1326/1390 1811/1339/1390 1810/1340/1390 1796/1327/1390
f 1798/1328/1391 1796/1327/1391 1810/1340/1391 1808/1338/1391 1806/1336/1391 1804/1334/1391 1802/1332/1391 1800/1330/1391
f 1788/1341/1392 1797/1342/1392 1799/1343/1392 1789/1344/1392
f 1795/1345/1393 1811/1346/1393 1797/1347/1393 1788/1348/1393
f 1789/1344/1394 1799/1343/1394 1801/1349/1394 1790/1350/1394
f 1790/1350/1395 1801/1349/1395 1803/1351/1395 1791/1352/1395
f 1791/1352/1396 1803/1351/1396 1805/1353/1396 1792/1354/1396
f 1792/1354/1397 1805/1353/1397 1807/1355/1397 1793/1356/1397
f 1793/1356/1398 1807/1355/1398 1809/1357/1398 1794/1358/1398
f 1794/1358/1399 1809/1357/1399 1811/1346/1399 1795/1345/1399
o PalmTree.004
v -17.311049 0.350414 -1.022815
v -17.346630 0.354248 -0.993044
v -17.303013 0.350414 -0.977239
v -17.294628 0.349719 -1.029851
v -17.303980 0.360634 -1.000565
v -17.285175 0.349719 -0.976243
v -17.270594 0.348285 -1.038870
v -17.265064 0.357630 -1.007427
v -17.259506 0.348285 -0.975988
v -17.242531 0.336771 -1.043818
v -17.230583 0.343484 -1.013507
v -17.231443 0.336771 -0.980937
v -17.222855 0.320273 -1.042507
v -17.200535 0.318195 -1.018805
v -17.213402 0.320273 -0.988898
v -17.209349 0.308691 -1.040747
v -17.174223 0.283516 -1.023444
v -17.201313 0.308691 -0.995171
v -17.362034 0.370089 -1.031531
v -17.344292 0.353400 -0.991860
v -17.319021 0.353015 -1.030955
v -17.363861 0.375971 -1.048315
v -17.336592 0.371476 -1.030981
v -17.313271 0.355889 -1.047637
v -17.365538 0.383682 -1.072785
v -17.332628 0.380162 -1.069443
v -17.306196 0.360126 -1.071990
v -17.365921 0.381683 -1.103451
v -17.333099 0.377705 -1.107124
v -17.306578 0.358127 -1.102656
v -17.364840 0.370857 -1.126747
v -17.338003 0.364106 -1.144022
v -17.314249 0.350775 -1.126069
v -17.363420 0.362843 -1.142665
v -17.346642 0.341118 -1.180262
v -17.320408 0.345770 -1.142089
v -17.343105 0.368145 -0.951894
v -17.344158 0.353062 -0.995922
v -17.378241 0.380188 -0.979503
v -17.346630 0.376943 -0.936735
v -17.356237 0.383770 -0.967155
v -17.387959 0.391108 -0.969209
v -17.352894 0.389699 -0.915308
v -17.372053 0.405089 -0.937729
v -17.401369 0.406315 -0.953400
v -17.369373 0.397981 -0.890723
v -17.392302 0.415265 -0.907521
v -17.417849 0.414597 -0.928815
v -17.388779 0.398124 -0.873857
v -17.416983 0.414299 -0.876532
v -17.430105 0.412290 -0.906332
v -17.402826 0.398158 -0.862800
v -17.445402 0.403942 -0.844884
v -17.437962 0.410201 -0.890409
v -17.379347 0.380237 -0.985077
v -17.342848 0.352690 -0.993801
v -17.366604 0.372098 -1.028816
v -17.392851 0.391818 -0.986851
v -17.368202 0.385713 -1.007333
v -17.377863 0.382244 -1.038299
v -17.412399 0.408094 -0.990594
v -17.397293 0.409346 -1.020205
v -17.394817 0.396865 -1.050941
v -17.439682 0.418260 -1.000434
v -17.430817 0.421836 -1.032296
v -17.422100 0.407030 -1.060781
v -17.462631 0.417817 -1.012019
v -17.468775 0.423184 -1.043606
v -17.447643 0.408243 -1.063467
v -17.478222 0.417076 -1.020738
v -17.510468 0.415142 -1.054256
v -17.465479 0.408937 -1.064478
v -17.305138 0.351501 -0.973802
v -17.346273 0.353936 -0.995457
v -17.342098 0.367792 -0.951212
v -17.291922 0.353409 -0.961912
v -17.320148 0.369630 -0.964030
v -17.335398 0.372571 -0.935341
v -17.273785 0.356217 -0.943906
v -17.297758 0.375934 -0.931945
v -17.324780 0.378693 -0.912739
v -17.259172 0.352279 -0.917157
v -17.279804 0.371096 -0.899078
v -17.310165 0.374756 -0.885990
v -17.254547 0.343338 -0.893498
v -17.266281 0.355115 -0.865429
v -17.298023 0.362500 -0.866927
v -17.252180 0.337230 -0.876863
v -17.256495 0.329744 -0.831121
v -17.289141 0.353521 -0.854273
v -17.405439 0.141295 -1.017348
v -17.392637 0.141295 -1.012044
v -17.387333 0.141295 -0.999241
v -17.392637 0.141295 -0.986438
v -17.405439 0.141295 -0.981135
v -17.418243 0.141295 -0.986438
v -17.423546 0.141295 -0.999241
v -17.418243 0.141295 -1.012044
v -17.405439 0.201295 -1.025421
v -17.405439 0.197765 -1.029241
v -17.386929 0.201295 -1.017753
v -17.384226 0.197765 -1.020455
v -17.379259 0.201295 -0.999241
v -17.375441 0.197765 -0.999241
v -17.386929 0.201295 -0.980730
v -17.384226 0.197765 -0.978028
v -17.405439 0.201295 -0.973062
v -17.405439 0.197765 -0.969241
v -17.423952 0.201295 -0.980730
v -17.426653 0.197765 -0.978028
v -17.431620 0.201295 -0.999241
v -17.435440 0.197765 -0.999241
v -17.423952 0.201295 -1.017753
v -17.426653 0.197765 -1.020455
v -17.407228 0.195687 -1.017348
v -17.394737 0.192883 -1.012044
v -17.389563 0.191722 -0.999241
v -17.394737 0.192883 -0.986438
v -17.407228 0.195687 -0.981135
v -17.419722 0.198490 -0.986438
v -17.424896 0.199651 -0.999241
v -17.419722 0.198490 -1.012044
v -17.394091 0.254231 -1.025421
v -17.394865 0.250787 -1.029241
v -17.376028 0.250177 -1.017753
v -17.374166 0.246142 -1.020455
v -17.368547 0.248498 -0.999241
v -17.365593 0.244218 -0.999241
v -17.376028 0.250177 -0.980730
v -17.374166 0.246142 -0.978028
v -17.394091 0.254231 -0.973062
v -17.394865 0.250787 -0.969241
v -17.412153 0.258284 -0.980730
v -17.415564 0.255431 -0.978028
v -17.419636 0.259963 -0.999241
v -17.424137 0.257355 -0.999241
v -17.412153 0.258284 -1.017753
v -17.415564 0.255431 -1.020455
v -17.393702 0.249243 -1.017348
v -17.381582 0.245114 -1.012044
v -17.376562 0.243404 -0.999241
v -17.381582 0.245114 -0.986438
v -17.393702 0.249243 -0.981135
v -17.405819 0.253372 -0.986438
v -17.410839 0.255082 -0.999241
v -17.405819 0.253372 -1.012044
v -17.374352 0.306037 -1.025421
v -17.375490 0.302696 -1.029241
v -17.356829 0.300067 -1.017753
v -17.355410 0.295855 -1.020455
v -17.349571 0.297595 -0.999241
v -17.347092 0.293022 -0.999241
v -17.356829 0.300067 -0.980730
v -17.355410 0.295855 -0.978028
v -17.374352 0.306037 -0.973062
v -17.375490 0.302696 -0.969241
v -17.391874 0.312007 -0.980730
v -17.395569 0.309537 -0.978028
v -17.399132 0.314480 -0.999241
v -17.403887 0.312371 -0.999241
v -17.391874 0.312007 -1.017753
v -17.395569 0.309537 -1.020455
v -17.374294 0.303102 -1.017348
v -17.362873 0.297317 -1.012044
v -17.358141 0.294920 -0.999241
v -17.362873 0.297317 -0.986438
v -17.374294 0.303102 -0.981135
v -17.385715 0.308888 -0.986438
v -17.390446 0.311284 -0.999241
v -17.385715 0.308888 -1.012044
v -17.347179 0.356627 -1.025421
v -17.348776 0.353478 -1.029241
v -17.330666 0.348262 -1.017753
v -17.329851 0.343892 -1.020455
v -17.323826 0.344797 -0.999241
v -17.322012 0.339922 -0.999241
v -17.330666 0.348262 -0.980730
v -17.329851 0.343892 -0.978028
v -17.347179 0.356627 -0.973062
v -17.348776 0.353478 -0.969241
v -17.363693 0.364992 -0.980730
v -17.367699 0.363064 -0.978028
v -17.370535 0.368457 -0.999241
v -17.375538 0.367035 -0.999241
v -17.363693 0.364992 -1.017753
v -17.367699 0.363064 -1.020455
vn -0.1777 0.9145 -0.3636
vn -0.0426 0.9145 0.4024
vn -0.0132 0.9483 -0.3172
vn 0.0961 0.9483 0.3026
vn 0.3106 0.8949 -0.3206
vn 0.4015 0.8949 0.1950
vn 0.5642 0.7114 -0.4190
vn 0.6735 0.7114 0.2007
vn 0.6373 0.5801 -0.5073
vn 0.7724 0.5801 0.2587
vn -0.0585 0.9198 0.3880
vn 0.6643 0.6329 0.3977
vn 0.0417 0.9665 0.2533
vn 0.6265 0.7343 0.2612
vn 0.1128 0.9914 -0.0660
vn 0.5993 0.7983 -0.0595
vn 0.0338 0.9253 -0.3776
vn 0.6187 0.6932 -0.3698
vn -0.0696 0.8617 -0.5026
vn 0.6532 0.5748 -0.4929
vn 0.8319 0.5258 -0.1774
vn 0.2414 0.7282 -0.6414
vn 0.7386 0.6628 -0.1234
vn 0.2608 0.8265 -0.4988
vn 0.5548 0.8267 0.0934
vn 0.1573 0.9630 -0.2189
vn 0.3995 0.8332 0.3824
vn -0.0782 0.9969 0.0070
vn 0.3533 0.7663 0.5366
vn -0.2372 0.9687 0.0726
vn 0.5864 0.6681 0.4580
vn 0.8006 0.5313 -0.2771
vn 0.5242 0.7806 0.3404
vn 0.6975 0.6699 -0.2544
vn 0.2840 0.9409 0.1846
vn 0.4281 0.8488 -0.3102
vn -0.0371 0.9897 0.1379
vn 0.1361 0.8791 -0.4568
vn -0.2059 0.9633 0.1722
vn 0.0082 0.8265 -0.5629
vn 0.3957 0.6676 -0.6307
vn -0.2254 0.9414 -0.2510
vn 0.4311 0.7596 -0.4870
vn -0.0714 0.9811 -0.1798
vn 0.5651 0.8027 -0.1906
vn 0.1470 0.9870 0.0650
vn 0.7318 0.6786 0.0634
vn 0.2292 0.9001 0.3705
vn 0.8201 0.5532 0.1462
vn 0.1989 0.8270 0.5258
vn -0.0000 -1.0000 -0.0000
vn 0.2706 0.7071 -0.6533
vn 0.6533 0.7071 -0.2706
vn 0.6533 0.7071 0.2706
vn 0.2706 0.7071 0.6533
vn -0.2706 0.7071 0.6533
vn -0.6533 0.7071 0.2706
vn -0.6533 0.7071 -0.2706
vn -0.2706 0.7071 -0.6533
vn -0.0000 1.0000 -0.0000
vn 0.3756 -0.1910 -0.9069
vn -0.3756 -0.1910 -0.9069
vn 0.9069 -0.1910 -0.3756
vn 0.9069 -0.1910 0.3756
vn 0.3756 -0.1910 0.9069
vn -0.3756 -0.1910 0.9069
vn -0.9069 -0.1910 0.3756
vn -0.9069 -0.1910 -0.3756
vn -0.2190 -0.9757 -0.0000
vn 0.4189 0.6307 -0.6533
vn 0.7923 0.5469 -0.2706
vn 0.7923 0.5469 0.2706
vn 0.4189 0.6307 0.6533
vn -0.1092 0.7492 0.6533
vn -0.4826 0.8330 0.2706
vn -0.4826 0.8330 -0.2706
vn -0.1092 0.7492 -0.6533
vn 0.2190 0.9757 -0.0000
vn 0.3247 -0.2686 -0.9069
vn -0.4083 -0.1041 -0.9069
vn 0.8430 -0.3849 -0.3756
vn 0.8430 -0.3849 0.3756
vn 0.3247 -0.2686 0.9069
vn -0.4083 -0.1041 0.9069
vn -0.9267 0.0122 0.3756
vn -0.9267 0.0122 -0.3756
vn -0.3225 -0.9466 -0.0000
vn 0.4842 0.5821 -0.6533
vn 0.8464 0.4587 -0.2706
vn 0.8464 0.4587 0.2706
vn 0.4842 0.5821 0.6533
vn -0.0281 0.7566 0.6533
vn -0.3903 0.8800 0.2706
vn -0.3903 0.8800 -0.2706
vn -0.0281 0.7566 -0.6533
vn 0.3225 0.9466 -0.0000
vn 0.2940 -0.3019 -0.9069
vn -0.4172 -0.0597 -0.9069
vn 0.7968 -0.4733 -0.3756
vn 0.7968 -0.4733 0.3756
vn 0.2940 -0.3019 0.9069
vn -0.4172 -0.0597 0.9069
vn -0.9200 0.1117 0.3756
vn -0.9200 0.1117 -0.3756
vn -0.4519 -0.8921 -0.0000
vn 0.5609 0.5085 -0.6533
vn 0.9023 0.3356 -0.2706
vn 0.9023 0.3356 0.2706
vn 0.5609 0.5085 0.6533
vn 0.0781 0.7531 0.6533
vn -0.2632 0.9260 0.2706
vn -0.2632 0.9260 -0.2706
vn 0.0781 0.7531 -0.6533
vn 0.4519 0.8921 -0.0000
vn 0.2488 -0.3401 -0.9069
vn -0.4214 -0.0006 -0.9069
vn 0.7227 -0.5802 -0.3756
vn 0.7227 -0.5802 0.3756
vn 0.2488 -0.3401 0.9069
vn -0.4214 -0.0006 0.9069
vn -0.8953 0.2394 0.3756
vn -0.8953 0.2394 -0.3756
vt 0.000000 0.000000
vt 0.500000 0.000000
vt 0.500000 0.200000
vt 0.000000 0.200000
vt 1.000000 0.000000
vt 1.000000 0.200000
vt 0.500000 0.400000
vt 0.000000 0.400000
vt 1.000000 0.400000
vt 0.500000 0.600000
vt 0.000000 0.600000
vt 1.000000 0.600000
vt 0.500000 0.800000
vt 0.000000 0.800000
vt 1.000000 0.800000
vt 0.500000 1.000000
vt 0.000000 1.000000
vt 1.000000 1.000000
vt 0.750000 0.490000
vt 0.919706 0.419706
vt 0.990000 0.250000
vt 0.919706 0.080294
vt 0.750000 0.010000
vt 0.580294 0.080294
vt 0.510000 0.250000
vt 0.580294 0.419706
vt 0.419706 0.419706
vt 0.250000 0.490000
vt 0.250000 0.459437
vt 0.398095 0.398095
vt 0.490000 0.250000
vt 0.459437 0.250000
vt 0.419706 0.080294
vt 0.398095 0.101906
vt 0.250000 0.010000
vt 0.250000 0.040563
vt 0.080294 0.080294
vt 0.101906 0.101905
vt 0.010000 0.250000
vt 0.040563 0.250000
vt 0.080294 0.419706
vt 0.101905 0.398095
vt 1.000000 0.500000
vt 1.000000 0.970587
vt 0.875000 0.970587
vt 0.875000 0.500000
vt 0.125000 0.500000
vt 0.125000 0.970587
vt 0.000000 0.970587
vt 0.000000 0.500000
vt 0.750000 0.970587
vt 0.750000 0.500000
vt 0.625000 0.970587
vt 0.625000 0.500000
vt 0.500000 0.970587
vt 0.500000 0.500000
vt 0.375000 0.970587
vt 0.375000 0.500000
vt 0.250000 0.970587
vt 0.250000 0.500000
s 0
f 1812/1359/1400 1813/1360/1400 1816/1361/1400 1815/1362/1400
f 1813/1360/1401 1814/1363/1401 1817/1364/1401 1816/1361/1401
f 1815/1362/1402 1816/1361/1402 1819/1365/1402 1818/1366/1402
f 1816/1361/1403 1817/1364/1403 1820/1367/1403 1819/1365/1403
f 1818/1366/1404 1819/1365/1404 1822/1368/1404 1821/1369/1404
f 1819/1365/1405 1820/1367/1405 1823/1370/1405 1822/1368/1405
f 1821/1369/1406 1822/1368/1406 1825/1371/1406 1824/1372/1406
f 1822/1368/1407 1823/1370/1407 1826/1373/1407 1825/1371/1407
f 1824/1372/1408 1825/1371/1408 1828/1374/1408 1827/1375/1408
f 1825/1371/1409 1826/1373/1409 1829/1376/1409 1828/1374/1409
f 1830/1359/1410 1831/1360/1410 1834/1361/1410 1833/1362/1410
f 1831/1360/1411 1832/1363/1411 1835/1364/1411 1834/1361/1411
f 1833/1362/1412 1834/1361/1412 1837/1365/1412 1836/1366/1412
f 1834/1361/1413 1835/1364/1413 1838/1367/1413 1837/1365/1413
f 1836/1366/1414 1837/1365/1414 1840/1368/1414 1839/1369/1414
f 1837/1365/1415 1838/1367/1415 1841/1370/1415 1840/1368/1415
f 1839/1369/1416 1840/1368/1416 1843/1371/1416 1842/1372/1416
f 1840/1368/1417 1841/1370/1417 1844/1373/1417 1843/1371/1417
f 1842/1372/1418 1843/1371/1418 1846/1374/1418 1845/1375/1418
f 1843/1371/1419 1844/1373/1419 1847/1376/1419 1846/1374/1419
f 1848/1359/1420 1849/1360/1420 1852/1361/1420 1851/1362/1420
f 1849/1360/1421 1850/1363/1421 1853/1364/1421 1852/1361/1421
f 1851/1362/1422 1852/1361/1422 1855/1365/1422 1854/1366/1422
f 1852/1361/1423 1853/1364/1423 1856/1367/1423 1855/1365/1423
f 1854/1366/1424 1855/1365/1424 1858/1368/1424 1857/1369/1424
f 1855/1365/1425 1856/1367/1425 1859/1370/1425 1858/1368/1425
f 1857/1369/1426 1858/1368/1426 1861/1371/1426 1860/1372/1426
f 1858/1368/1427 1859/1370/1427 1862/1373/1427 1861/1371/1427
f 1860/1372/1428 1861/1371/1428 1864/1374/1428 1863/1375/1428
f 1861/1371/1429 1862/1373/1429 1865/1376/1429 1864/1374/1429
f 1866/1359/1430 1867/1360/1430 1870/1361/1430 1869/1362/1430
f 1867/1360/1431 1868/1363/1431 1871/1364/1431 1870/1361/1431
f 1869/1362/1432 1870/1361/1432 1873/1365/1432 1872/1366/1432
f 1870/1361/1433 1871/1364/1433 1874/1367/1433 1873/1365/1433
f 1872/1366/1434 1873/1365/1434 1876/1368/1434 1875/1369/1434
f 1873/1365/1435 1874/1367/1435 1877/1370/1435 1876/1368/1435
f 1875/1369/1436 1876/1368/1436 1879/1371/1436 1878/1372/1436
f 1876/1368/1437 1877/1370/1437 1880/1373/1437 1879/1371/1437
f 1878/1372/1438 1879/1371/1438 1882/1374/1438 1881/1375/1438
f 1879/1371/1439 1880/1373/1439 1883/1376/1439 1882/1374/1439
f 1884/1359/1440 1885/1360/1440 1888/1361/1440 1887/1362/1440
f 1885/1360/1441 1886/1363/1441 1889/1364/1441 1888/1361/1441
f 1887/1362/1442 1888/1361/1442 1891/1365/1442 1890/1366/1442
f 1888/1361/1443 1889/1364/1443 1892/1367/1443 1891/1365/1443
f 1890/1366/1444 1891/1365/1444 1894/1368/1444 1893/1369/1444
f 1891/1365/1445 1892/1367/1445 1895/1370/1445 1894/1368/1445
f 1893/1369/1446 1894/1368/1446 1897/1371/1446 1896/1372/1446
f 1894/1368/1447 1895/1370/1447 1898/1373/1447 1897/1371/1447
f 1896/1372/1448 1897/1371/1448 1900/1374/1448 1899/1375/1448
f 1897/1371/1449 1898/1373/1449 1901/1376/1449 1900/1374/1449
f 1902/1377/1450 1903/1378/1450 1904/1379/1450 1905/1380/1450 1906/1381/1450 1907/1382/1450 1908/1383/1450 1909/1384/1450
f 1913/1385/1451 1911/1386/1451 1910/1387/1451 1912/1388/1451
f 1915/1389/1452 1913/1385/1452 1912/1388/1452 1914/1390/1452
f 1917/1391/1453 1915/1389/1453 1914/1390/1453 1916/1392/1453
f 1919/1393/1454 1917/1391/1454 1916/1392/1454 1918/1394/1454
f 1921/1395/1455 1919/1393/1455 1918/1394/1455 1920/1396/1455
f 1923/1397/1456 1921/1395/1456 1920/1396/1456 1922/1398/1456
f 1925/1399/1457 1923/1397/1457 1922/1398/1457 1924/1400/1457
f 1911/1386/1458 1925/1399/1458 1924/1400/1458 1910/1387/1458
f 1912/1388/1459 1910/1387/1459 1924/1400/1459 1922/1398/1459 1920/1396/1459 1918/1394/1459 1916/1392/1459 1914/1390/1459
f 1902/1401/1460 1911/1402/1460 1913/1403/1460 1903/1404/1460
f 1909/1405/1461 1925/1406/1461 1911/1407/1461 1902/1408/1461
f 1903/1404/1462 1913/1403/1462 1915/1409/1462 1904/1410/1462
f 1904/1410/1463 1915/1409/1463 1917/1411/1463 1905/1412/1463
f 1905/1412/1464 1917/1411/1464 1919/1413/1464 1906/1414/1464
f 1906/1414/1465 1919/1413/1465 1921/1415/1465 1907/1416/1465
f 1907/1416/1466 1921/1415/1466 1923/1417/1466 1908/1418/1466
f 1908/1418/1467 1923/1417/1467 1925/1406/1467 1909/1405/1467
f 1926/1377/1468 1927/1378/1468 1928/1379/1468 1929/1380/1468 1930/1381/1468 1931/1382/1468 1932/1383/1468 1933/1384/1468
f 1937/1385/1469 1935/1386/1469 1934/1387/1469 1936/1388/1469
f 1939/1389/1470 1937/1385/1470 1936/1388/1470 1938/1390/1470
f 1941/1391/1471 1939/1389/1471 1938/1390/1471 1940/1392/1471
f 1943/1393/1472 1941/1391/1472 1940/1392/1472 1942/1394/1472
f 1945/1395/1473 1943/1393/1473 1942/1394/1473 1944/1396/1473
f 1947/1397/1474 1945/1395/1474 1944/1396/1474 1946/1398/1474
f 1949/1399/1475 1947/1397/1475 1946/1398/1475 1948/1400/1475
f 1935/1386/1476 1949/1399/1476 1948/1400/1476 1934/1387/1476
f 1936/1388/1477 1934/1387/1477 1948/1400/1477 1946/1398/1477 1944/1396/1477 1942/1394/1477 1940/1392/1477 1938/1390/1477
f 1926/1401/1478 1935/1402/1478 1937/1403/1478 1927/1404/1478
f 1933/1405/1479 1949/1406/1479 1935/1407/1479 1926/1408/1479
f 1927/1404/1480 1937/1403/1480 1939/1409/1480 1928/1410/1480
f 1928/1410/1481 1939/1409/1481 1941/1411/1481 1929/1412/1481
f 1929/1412/1482 1941/1411/1482 1943/1413/1482 1930/1414/1482
f 1930/1414/1483 1943/1413/1483 1945/1415/1483 1931/1416/1483
f 1931/1416/1484 1945/1415/1484 1947/1417/1484 1932/1418/1484
f 1932/1418/1485 1947/1417/1485 1949/1406/1485 1933/1405/1485
f 1950/1377/1486 1951/1378/1486 1952/1379/1486 1953/1380/1486 1954/1381/1486 1955/1382/1486 1956/1383/1486 1957/1384/1486
f 1961/1385/1487 1959/1386/1487 1958/1387/1487 1960/1388/1487
f 1963/1389/1488 1961/1385/1488 1960/1388/1488 1962/1390/1488
f 1965/1391/1489 1963/1389/1489 1962/1390/1489 1964/1392/1489
f 1967/1393/1490 1965/1391/1490 1964/1392/1490 1966/1394/1490
f 1969/1395/1491 1967/1393/1491 1966/1394/1491 1968/1396/1491
f 1971/1397/1492 1969/1395/1492 1968/1396/1492 1970/1398/1492
f 1973/1399/1493 1971/1397/1493 1970/1398/1493 1972/1400/1493
f 1959/1386/1494 1973/1399/1494 1972/1400/1494 1958/1387/1494
f 1960/1388/1495 1958/1387/1495 1972/1400/1495 1970/1398/1495 1968/1396/1495 1966/1394/1495 1964/1392/1495 1962/1390/1495
f 1950/1401/1496 1959/1402/1496 1961/1403/1496 1951/1404/1496
f 1957/1405/1497 1973/1406/1497 1959/1407/1497 1950/1408/1497
f 1951/1404/1498 1961/1403/1498 1963/1409/1498 1952/1410/1498
f 1952/1410/1499 1963/1409/1499 1965/1411/1499 1953/1412/1499
f 1953/1412/1500 1965/1411/1500 1967/1413/1500 1954/1414/1500
f 1954/1414/1501 1967/1413/1501 1969/1415/1501 1955/1416/1501
f 1955/1416/1502 1969/1415/1502 1971/1417/1502 1956/1418/1502
f 1956/1418/1503 1971/1417/1503 1973/1406/1503 1957/1405/1503
f 1974/1377/1504 1975/1378/1504 1976/1379/1504 1977/1380/1504 1978/1381/1504 1979/1382/1504 1980/1383/1504 1981/1384/1504
f 1985/1385/1505 1983/1386/1505 1982/1387/1505 1984/1388/1505
f 1987/1389/1506 1985/1385/1506 1984/1388/1506 1986/1390/1506
f 1989/1391/1507 1987/1389/1507 1986/1390/1507 1988/1392/1507
f 1991/1393/1508 1989/1391/1508 1988/1392/1508 1990/1394/1508
f 1993/1395/1509 1991/1393/1509 1990/1394/1509 1992/1396/1509
f 1995/1397/1510 1993/1395/1510 1992/1396/1510 1994/1398/1510
f 1997/1399/1511 1995/1397/1511 1994/1398/1511 1996/1400/1511
f 1983/1386/1512 1997/1399/1512 1996/1400/1512 1982/1387/1512
f 1984/1388/1513 1982/1387/1513 1996/1400/1513 1994/1398/1513 1992/1396/1513 1990/1394/1513 1988/1392/1513 1986/1390/1513
f 1974/1401/1514 1983/1402/1514 1985/1403/1514 1975/1404/1514
f 1981/1405/1515 1997/1406/1515 1983/1407/1515 1974/1408/1515
f 1975/1404/1516 1985/1403/1516 1987/1409/1516 1976/1410/1516
f 1976/1410/1517 1987/1409/1517 1989/1411/1517 1977/1412/1517
f 1977/1412/1518 1989/1411/1518 1991/1413/1518 1978/1414/1518
f 1978/1414/1519 1991/1413/1519 1993/1415/1519 1979/1416/1519
f 1979/1416/1520 1993/1415/1520 1995/1417/1520 1980/1418/1520
f 1980/1418/1521 1995/1417/1521 1997/1406/1521 1981/1405/1521
o DocksV2
v -17.634760 0.132250 -0.709111
v -17.634760 0.140250 -0.709111
v -17.649744 0.132250 -0.746198
v -17.649744 0.140250 -0.746198
v -17.460449 0.132250 -0.779537
v -17.460449 0.140250 -0.779537
v -17.475435 0.132250 -0.816624
v -17.475435 0.140250 -0.816624
v -17.485960 -0.009305 -0.367133
v -17.485960 0.187327 -0.367133
v -17.504309 -0.009305 -0.402697
v -17.504309 0.187327 -0.402697
v -17.448156 -0.009305 -0.386167
v -17.448156 0.187327 -0.386167
v -17.466505 -0.009305 -0.421730
v -17.466505 0.187327 -0.421730
v -17.309278 -0.009305 -0.456090
v -17.309278 0.187327 -0.456090
v -17.327627 -0.009305 -0.491654
v -17.327627 0.187327 -0.491654
v -17.271475 -0.009305 -0.475124
v -17.271475 0.187327 -0.475124
v -17.289824 -0.009305 -0.510688
v -17.289824 0.187327 -0.510688
v -17.454288 0.095196 -0.383378
v -17.454288 0.133512 -0.383378
v -17.649155 0.095196 -0.761065
v -17.649155 0.133512 -0.761065
v -17.443327 0.095196 -0.388897
v -17.443327 0.133512 -0.388897
v -17.638191 0.095196 -0.766585
v -17.638191 0.133512 -0.766585
v -17.316860 0.095196 -0.452571
v -17.316860 0.133512 -0.452571
v -17.511726 0.095196 -0.830258
v -17.511726 0.133512 -0.830258
v -17.305899 0.095196 -0.458091
v -17.305899 0.133512 -0.458091
v -17.500763 0.095196 -0.835778
v -17.500763 0.133512 -0.835778
v -17.521505 0.132250 -0.492843
v -17.521505 0.140250 -0.492843
v -17.539854 0.132250 -0.528406
v -17.539854 0.140250 -0.528406
v -17.353657 0.132250 -0.577352
v -17.353657 0.140250 -0.577352
v -17.372005 0.132250 -0.612916
v -17.372005 0.140250 -0.612916
v -17.540348 0.132250 -0.537780
v -17.540348 0.140250 -0.537780
v -17.563780 0.132250 -0.570348
v -17.563780 0.140250 -0.570348
v -17.385471 0.132250 -0.643443
v -17.385471 0.140250 -0.643443
v -17.408901 0.132250 -0.676012
v -17.408901 0.140250 -0.676012
v -17.499029 0.132250 -0.445182
v -17.499029 0.140250 -0.445182
v -17.512634 0.132250 -0.482801
v -17.512634 0.140250 -0.482801
v -17.322502 0.132250 -0.509819
v -17.322502 0.140250 -0.509819
v -17.336107 0.132250 -0.547437
v -17.336107 0.140250 -0.547437
v -17.577961 0.132250 -0.602266
v -17.577961 0.140250 -0.602266
v -17.596310 0.132250 -0.637829
v -17.596310 0.140250 -0.637829
v -17.410112 0.132250 -0.686776
v -17.410112 0.140250 -0.686776
v -17.428461 0.132250 -0.722339
v -17.428461 0.140250 -0.722339
v -17.597815 0.132250 -0.644462
v -17.597815 0.140250 -0.644462
v -17.618755 0.132250 -0.678612
v -17.618755 0.140250 -0.678612
v -17.436058 0.132250 -0.739781
v -17.436058 0.140250 -0.739781
v -17.456999 0.132250 -0.773930
v -17.456999 0.140250 -0.773930
vn -0.9272 -0.0000 0.3746
vn -0.3746 -0.0000 -0.9272
vn 0.9272 -0.0000 -0.3746
vn 0.3746 -0.0000 0.9272
vn -0.0000 -1.0000 -0.0000
vn -0.0000 1.0000 -0.0000
vn -0.8887 -0.0000 0.4585
vn -0.4497 -0.0000 -0.8932
vn 0.8887 -0.0000 -0.4585
vn 0.4497 -0.0000 0.8932
vn -0.8117 -0.0000 0.5840
vn -0.5636 -0.0000 -0.8261
vn 0.8117 -0.0000 -0.5840
vn 0.5636 -0.0000 0.8261
vn -0.9404 -0.0000 0.3401
vn -0.3438 -0.0000 -0.9390
vn 0.9404 -0.0000 -0.3401
vn 0.3438 -0.0000 0.9390
vn -0.8525 -0.0000 0.5228
vn -0.5077 -0.0000 -0.8615
vn 0.8525 -0.0000 -0.5228
vn 0.5077 -0.0000 0.8615
vt 0.375000 0.000000
vt 0.625000 0.000000
vt 0.625000 0.250000
vt 0.375000 0.250000
vt 0.625000 0.500000
vt 0.375000 0.500000
vt 0.625000 0.750000
vt 0.375000 0.750000
vt 0.625000 1.000000
vt 0.375000 1.000000
vt 0.125000 0.500000
vt 0.125000 0.750000
vt 0.875000 0.500000
vt 0.875000 0.750000
s 0
f 1998/1419/1522 1999/1420/1522 2001/1421/1522 2000/1422/1522
f 2000/1422/1523 2001/1421/1523 2005/1423/1523 2004/1424/1523
f 2004/1424/1524 2005/1423/1524 2003/1425/1524 2002/1426/1524
f 2002/1426/1525 2003/1425/1525 1999/1427/1525 1998/1428/1525
f 2000/1429/1526 2004/1424/1526 2002/1426/1526 1998/1430/1526
f 2005/1423/1527 2001/1431/1527 1999/1432/1527 2003/1425/1527
f 2006/1419/1528 2007/1420/1528 2009/1421/1528 2008/1422/1528
f 2008/1422/1529 2009/1421/1529 2013/1423/1529 2012/1424/1529
f 2012/1424/1530 2013/1423/1530 2011/1425/1530 2010/1426/1530
f 2010/1426/1531 2011/1425/1531 2007/1427/1531 2006/1428/1531
f 2013/1423/1527 2009/1431/1527 2007/1432/1527 2011/1425/1527
f 2014/1419/1528 2015/1420/1528 2017/1421/1528 2016/1422/1528
f 2016/1422/1529 2017/1421/1529 2021/1423/1529 2020/1424/1529
f 2020/1424/1530 2021/1423/1530 2019/1425/1530 2018/1426/1530
f 2018/1426/1531 2019/1425/1531 2015/1427/1531 2014/1428/1531
f 2021/1423/1527 2017/1431/1527 2015/1432/1527 2019/1425/1527
f 2022/1419/1528 2023/1420/1528 2025/1421/1528 2024/1422/1528
f 2024/1422/1529 2025/1421/1529 2029/1423/1529 2028/1424/1529
f 2028/1424/1530 2029/1423/1530 2027/1425/1530 2026/1426/1530
f 2026/1426/1531 2027/1425/1531 2023/1427/1531 2022/1428/1531
f 2024/1429/1526 2028/1424/1526 2026/1426/1526 2022/1430/1526
f 2029/1423/1527 2025/1431/1527 2023/1432/1527 2027/1425/1527
f 2030/1419/1528 2031/1420/1528 2033/1421/1528 2032/1422/1528
f 2032/1422/1529 2033/1421/1529 2037/1423/1529 2036/1424/1529
f 2036/1424/1530 2037/1423/1530 2035/1425/1530 2034/1426/1530
f 2034/1426/1531 2035/1425/1531 2031/1427/1531 2030/1428/1531
f 2032/1429/1526 2036/1424/1526 2034/1426/1526 2030/1430/1526
f 2037/1423/1527 2033/1431/1527 2031/1432/1527 2035/1425/1527
f 2038/1419/1528 2039/1420/1528 2041/1421/1528 2040/1422/1528
f 2040/1422/1529 2041/1421/1529 2045/1423/1529 2044/1424/1529
f 2044/1424/1530 2045/1423/1530 2043/1425/1530 2042/1426/1530
f 2042/1426/1531 2043/1425/1531 2039/1427/1531 2038/1428/1531
f 2040/1429/1526 2044/1424/1526 2042/1426/1526 2038/1430/1526
f 2045/1423/1527 2041/1431/1527 2039/1432/1527 2043/1425/1527
f 2046/1419/1532 2047/1420/1532 2049/1421/1532 2048/1422/1532
f 2048/1422/1533 2049/1421/1533 2053/1423/1533 2052/1424/1533
f 2052/1424/1534 2053/1423/1534 2051/1425/1534 2050/1426/1534
f 2050/1426/1535 2051/1425/1535 2047/1427/1535 2046/1428/1535
f 2048/1429/1526 2052/1424/1526 2050/1426/1526 2046/1430/1526
f 2053/1423/1527 2049/1431/1527 2047/1432/1527 2051/1425/1527
f 2054/1419/1536 2055/1420/1536 2057/1421/1536 2056/1422/1536
f 2056/1422/1537 2057/1421/1537 2061/1423/1537 2060/1424/1537
f 2060/1424/1538 2061/1423/1538 2059/1425/1538 2058/1426/1538
f 2058/1426/1539 2059/1425/1539 2055/1427/1539 2054/1428/1539
f 2056/1429/1526 2060/1424/1526 2058/1426/1526 2054/1430/1526
f 2061/1423/1527 2057/1431/1527 2055/1432/1527 2059/1425/1527
f 2062/1419/1528 2063/1420/1528 2065/1421/1528 2064/1422/1528
f 2064/1422/1529 2065/1421/1529 2069/1423/1529 2068/1424/1529
f 2068/1424/1530 2069/1423/1530 2067/1425/1530 2066/1426/1530
f 2066/1426/1531 2067/1425/1531 2063/1427/1531 2062/1428/1531
f 2064/1429/1526 2068/1424/1526 2066/1426/1526 2062/1430/1526
f 2069/1423/1527 2065/1431/1527 2063/1432/1527 2067/1425/1527
f 2070/1419/1540 2071/1420/1540 2073/1421/1540 2072/1422/1540
f 2072/1422/1541 2073/1421/1541 2077/1423/1541 2076/1424/1541
f 2076/1424/1542 2077/1423/1542 2075/1425/1542 2074/1426/1542
f 2074/1426/1543 2075/1425/1543 2071/1427/1543 2070/1428/1543
f 2072/1429/1526 2076/1424/1526 2074/1426/1526 2070/1430/1526
f 2077/1423/1527 2073/1431/1527 2071/1432/1527 2075/1425/1527
o Cylinder
v -4.873321 1.777432 0.788992
v -4.873321 1.777432 0.227921
v -4.873321 3.777432 0.175422
v -4.387419 1.777432 0.508456
v -4.341953 3.777432 0.482207
v -4.387419 1.777432 1.069528
v -4.341953 3.777432 1.095777
v -4.873321 1.777432 1.350063
v -4.873321 3.777432 1.402562
v -5.359222 1.777432 1.069528
v -5.404688 3.777432 1.095777
v -5.359222 1.777432 0.508456
v -5.404688 3.777432 0.482207
v -5.784575 2.777432 1.315105
v -3.962067 2.777432 1.315105
v -4.873321 2.777432 -0.263234
v -3.962067 2.777432 0.262879
v -4.873321 2.777432 1.841217
v -5.784575 2.777432 0.262879
v -4.007295 3.277432 1.288992
v -4.873321 3.277432 -0.211008
v -5.739346 3.277432 0.288992
v -4.007295 3.277432 0.288992
v -5.739346 3.277432 1.288992
v -4.873321 3.277432 1.788992
v -4.007295 2.277432 1.288992
v -5.739346 2.277432 1.288992
v -4.873321 2.277432 -0.211008
v -4.007295 2.277432 0.288992
v -4.873321 2.277432 1.788992
v -5.739346 2.277432 0.288992
v -4.873321 3.777432 1.296973
v -5.313245 3.777432 0.535001
v -4.873321 3.777432 0.281011
v -4.433396 3.777432 1.042982
v -5.313245 3.777432 1.042982
v -4.433396 3.777432 0.535001
v -4.873321 3.674756 0.281011
v -4.873321 3.674756 0.788992
v -4.873321 3.674756 1.296973
v -5.313245 3.674756 0.535001
v -4.433396 3.674756 1.042982
v -5.313245 3.674756 1.042982
v -4.433396 3.674756 0.535001
vn -0.0000 -1.0000 -0.0000
vn -0.5000 -0.0000 -0.8660
vn 0.3980 -0.6052 -0.6894
vn -1.0000 -0.0000 -0.0000
vn 0.7961 -0.6052 -0.0000
vn -0.5000 -0.0000 0.8660
vn 0.3980 -0.6052 0.6894
vn 0.5000 -0.0000 0.8660
vn -0.3980 -0.6052 0.6894
vn 1.0000 -0.0000 -0.0000
vn -0.7961 -0.6052 -0.0000
vn 0.5000 -0.0000 -0.8660
vn -0.3980 -0.6052 -0.6894
vn -0.4980 0.0901 0.8625
vn 0.4980 0.0901 -0.8625
vn -0.9959 0.0901 -0.0000
vn -0.4980 0.0901 -0.8625
vn 0.4980 0.0901 0.8625
vn 0.9959 0.0901 -0.0000
vn 0.8310 0.5562 -0.0000
vn 0.4155 0.5562 -0.7197
vn -0.8310 0.5562 -0.0000
vn -0.4155 0.5562 -0.7197
vn 0.4155 0.5562 0.7197
vn -0.4155 0.5562 0.7197
vn 0.9959 -0.0901 -0.0000
vn -0.4980 -0.0901 0.8625
vn 0.4980 -0.0901 -0.8625
vn -0.4980 -0.0901 -0.8625
vn 0.4980 -0.0901 0.8625
vn -0.9959 -0.0901 -0.0000
vn -0.0000 1.0000 -0.0000
vt 0.750000 0.250000
vt 0.750000 0.490000
vt 0.957846 0.370000
vt 0.250000 0.130000
vt 0.353923 0.190000
vt 1.000000 0.500000
vt 1.000000 0.625000
vt 0.833333 0.625000
vt 0.833333 0.500000
vt 0.957846 0.130000
vt 0.353923 0.310000
vt 0.666667 0.625000
vt 0.666667 0.500000
vt 0.750000 0.010000
vt 0.250000 0.370000
vt 0.500000 0.625000
vt 0.500000 0.500000
vt 0.542154 0.130000
vt 0.146077 0.310000
vt 0.333333 0.625000
vt 0.333333 0.500000
vt 0.542154 0.370000
vt 0.146077 0.190000
vt 0.166667 0.625000
vt 0.166667 0.500000
vt -0.000000 0.625000
vt -0.000000 0.500000
vt 0.333333 0.750000
vt 0.500000 0.750000
vt 0.500000 0.875000
vt 0.333333 0.875000
vt 0.833333 0.750000
vt 1.000000 0.750000
vt 1.000000 0.875000
vt 0.833333 0.875000
vt 0.166667 0.750000
vt 0.166667 0.875000
vt -0.000000 0.750000
vt -0.000000 0.875000
vt 0.666667 0.750000
vt 0.666667 0.875000
vt 0.833333 1.000000
vt 0.666667 1.000000
vt 1.000000 1.000000
vt 0.333333 1.000000
vt 0.166667 1.000000
vt -0.000000 1.000000
vt 0.500000 1.000000
vt 0.457846 0.370000
vt 0.250000 0.490000
vt 0.042154 0.130000
vt 0.250000 0.010000
vt 0.042154 0.370000
vt 0.457846 0.130000
vt 0.250000 0.250000
s 0
f 2078/1433/1544 2079/1434/1544 2081/1435/1544
f 2109/1436/1545 2112/1437/1545 2119/1437/1545 2117/1436/1545
f 2079/1438/1546 2105/1439/1546 2106/1440/1546 2081/1441/1546
f 2078/1433/1544 2081/1435/1544 2083/1442/1544
f 2112/1437/1547 2114/1443/1547 2121/1443/1547 2119/1437/1547
f 2081/1441/1548 2106/1440/1548 2103/1444/1548 2083/1445/1548
f 2078/1433/1544 2083/1442/1544 2085/1446/1544
f 2114/1443/1549 2111/1447/1549 2115/1447/1549 2121/1443/1549
f 2083/1445/1550 2103/1444/1550 2107/1448/1550 2085/1449/1550
f 2078/1433/1544 2085/1446/1544 2087/1450/1544
f 2111/1447/1551 2110/1451/1551 2118/1451/1551 2115/1447/1551
f 2085/1449/1552 2107/1448/1552 2104/1452/1552 2087/1453/1552
f 2078/1433/1544 2087/1450/1544 2089/1454/1544
f 2110/1451/1553 2113/1455/1553 2120/1455/1553 2118/1451/1553
f 2087/1453/1554 2104/1452/1554 2108/1456/1554 2089/1457/1554
f 2078/1433/1544 2089/1454/1544 2079/1434/1544
f 2113/1455/1555 2109/1436/1555 2117/1436/1555 2120/1455/1555
f 2089/1457/1556 2108/1456/1556 2105/1458/1556 2079/1459/1556
f 2091/1460/1557 2095/1461/1557 2102/1462/1557 2101/1463/1557
f 2094/1464/1558 2093/1465/1558 2098/1466/1558 2100/1467/1558
f 2096/1468/1559 2091/1460/1559 2101/1463/1559 2099/1469/1559
f 2093/1470/1560 2096/1468/1560 2099/1469/1560 2098/1471/1560
f 2095/1461/1561 2092/1472/1561 2097/1473/1561 2102/1462/1561
f 2092/1472/1562 2094/1464/1562 2100/1467/1562 2097/1473/1562
f 2097/1473/1563 2100/1467/1563 2082/1474/1563 2084/1475/1563
f 2100/1467/1564 2098/1466/1564 2080/1476/1564 2082/1474/1564
f 2099/1469/1565 2101/1463/1565 2088/1477/1565 2090/1478/1565
f 2098/1471/1566 2099/1469/1566 2090/1478/1566 2080/1479/1566
f 2102/1462/1567 2097/1473/1567 2084/1475/1567 2086/1480/1567
f 2101/1463/1568 2102/1462/1568 2086/1480/1568 2088/1477/1568
f 2103/1444/1569 2106/1440/1569 2094/1464/1569 2092/1472/1569
f 2104/1452/1570 2107/1448/1570 2095/1461/1570 2091/1460/1570
f 2106/1440/1571 2105/1439/1571 2093/1465/1571 2094/1464/1571
f 2105/1458/1572 2108/1456/1572 2096/1468/1572 2093/1470/1572
f 2107/1448/1573 2103/1444/1573 2092/1472/1573 2095/1461/1573
f 2108/1456/1574 2104/1452/1574 2091/1460/1574 2096/1468/1574
f 2111/1447/1575 2114/1443/1575 2082/1481/1575 2080/1482/1575
f 2109/1436/1575 2113/1455/1575 2088/1483/1575 2086/1484/1575
f 2110/1451/1575 2111/1447/1575 2080/1482/1575 2090/1485/1575
f 2112/1437/1575 2109/1436/1575 2086/1484/1575 2084/1486/1575
f 2113/1455/1575 2110/1451/1575 2090/1485/1575 2088/1483/1575
f 2114/1443/1575 2112/1437/1575 2084/1486/1575 2082/1481/1575
f 2116/1487/1575 2121/1443/1575 2115/1447/1575
f 2116/1487/1575 2119/1437/1575 2121/1443/1575
f 2116/1487/1575 2117/1436/1575 2119/1437/1575
f 2116/1487/1575 2120/1455/1575 2117/1436/1575
f 2116/1487/1575 2118/1451/1575 2120/1455/1575
f 2116/1487/1575 2115/1447/1575 2118/1451/1575
